+86100076139296,2025-05-04 02:06:17
+856100144605643,2025-05-04 02:07:17
+62100291265558,2025-05-04 02:08:17
+66100327817286,2025-05-04 02:09:17
+60100409157368,2025-05-04 02:10:17
+856100536052717,2025-05-04 02:11:17
+95100688760032,2025-05-04 02:12:17
+63100720790070,2025-05-04 02:13:17
+44100857870689,2025-05-04 02:14:17
+855100916239446,2025-05-04 02:15:17
+95101084483181,2025-05-04 02:16:17
+44101181584195,2025-05-04 02:17:17
+60101219561106,2025-05-04 02:18:17
+66101339482230,2025-05-04 02:19:17
+855101421486449,2025-05-04 02:20:17
+65101542828191,2025-05-04 02:21:17
+1101654697292,2025-05-04 02:22:17
+60101772414440,2025-05-04 02:23:17
+65101828618957,2025-05-04 02:24:17
+856101920153264,2025-05-04 02:25:17
+63102079423776,2025-05-04 02:26:17
+63102177126677,2025-05-04 02:27:17
+673102234193011,2025-05-04 02:28:17
+62102331627453,2025-05-04 02:29:17
+856102433759367,2025-05-04 02:30:17
+44102593146276,2025-05-04 02:31:17
+1102680711060,2025-05-04 02:32:17
+62102706400322,2025-05-04 02:33:17
+65102843418507,2025-05-04 02:34:17
+855102930545292,2025-05-04 02:35:17
+1103039706380,2025-05-04 02:36:17
+86103130708513,2025-05-04 02:37:17
+66103204352237,2025-05-04 02:38:17
+86103330119120,2025-05-04 02:39:17
+62103439898793,2025-05-04 02:40:17
+65103538956438,2025-05-04 02:41:17
+62103681935603,2025-05-04 02:42:17
+855103730940249,2025-05-04 02:43:17
+65103876977996,2025-05-04 02:44:17
+65103995891791,2025-05-04 02:45:17
+95104061045082,2025-05-04 02:46:17
+60104174228343,2025-05-04 02:47:17
+86104219884897,2025-05-04 02:48:17
+63104396342207,2025-05-04 02:49:17
+84104406506554,2025-05-04 02:50:17
+86104555925171,2025-05-04 02:51:17
+65104682168126,2025-05-04 02:52:17
+95104730550864,2025-05-04 02:53:17
+856104860735413,2025-05-04 02:54:17
+856104901388859,2025-05-04 02:55:17
+86105050206974,2025-05-04 02:56:17
+84105152930907,2025-05-04 02:57:17
+62105273404778,2025-05-04 02:58:17
+95105359878308,2025-05-04 02:59:17
+66105470009467,2025-05-04 03:00:17
+856105591615909,2025-05-04 03:01:17
+60105605938840,2025-05-04 03:02:17
+670105737562062,2025-05-04 03:03:17
+95105828569471,2025-05-04 03:04:17
+856105920484862,2025-05-04 03:05:17
+86106013198239,2025-05-04 03:06:17
+86106158599841,2025-05-04 03:07:17
+1106273761596,2025-05-04 03:08:17
+855106363033838,2025-05-04 03:09:17
+44106471912898,2025-05-04 03:10:17
+86106520553193,2025-05-04 03:11:17
+670106667557070,2025-05-04 03:12:17
+66106738356983,2025-05-04 03:13:17
+84106806189668,2025-05-04 03:14:17
+65106982305066,2025-05-04 03:15:17
+44107010471388,2025-05-04 03:16:17
+86107187923060,2025-05-04 03:17:17
+60107239184134,2025-05-04 03:18:17
+86107379351894,2025-05-04 03:19:17
+1107495097518,2025-05-04 03:20:17
+63107564572237,2025-05-04 03:21:17
+855107643431226,2025-05-04 03:22:17
+1107728950847,2025-05-04 03:23:17
+84107855333233,2025-05-04 03:24:17
+63107976712404,2025-05-04 03:25:17
+65108004048328,2025-05-04 03:26:17
+855108163428677,2025-05-04 03:27:17
+62108279668015,2025-05-04 03:28:17
+60108337909377,2025-05-04 03:29:17
+95108421572591,2025-05-04 03:30:17
+62108500225832,2025-05-04 03:31:17
+86108630479443,2025-05-04 03:32:17
+670108789246066,2025-05-04 03:33:17
+66108844861993,2025-05-04 03:34:17
+856108981473794,2025-05-04 03:35:17
+855109063813252,2025-05-04 03:36:17
+670109116674239,2025-05-04 03:37:17
+673109276421744,2025-05-04 03:38:17
+1109340765837,2025-05-04 03:39:17
+670109401058578,2025-05-04 03:40:17
+84109597649596,2025-05-04 03:41:17
+66109655957843,2025-05-04 03:42:17
+670109750687949,2025-05-04 03:43:17
+673109825002893,2025-05-04 03:44:17
+66109920446408,2025-05-04 03:45:17
