E,+67329823224051,+6309171294205
E,+6605756325310,+85681027568957
E,+6690483330716,+85519604976156
E,+67073085553078,+67099367614460
E,+67073085553078,+8672221269221
E,+6378513449896,+6661784350519
E,+67046398286259,+6691408781916
E,+67098375263042,+9532432178757
E,+4484237362371,+9506118468520
E,+6563344127603,+176113624238
E,+85521958940701,+85598479147409
E,+6628910713820,+9517089953970
E,+6297812385411,+6565677546224
E,+157596059208,+6668135262968
E,+4490028532898,+6570654821723
E,+85659835119885,+8607811374222
E,+4412780240245,+85627026979383
E,+6268347943568,+4498891182694
E,+6056563747525,+85608404267816
E,+67054127148509,+67067200476305
E,+85698643150875,+8418191563805
E,+191866351294,+85558899671621
E,+67021061577228,+67009979376155
E,+67311891208919,+67375706200320
E,+4404149064538,+85627026979383
E,+8413444729166,+85636981471715
E,+85615397015225,+8655277210735
E,+9505673265828,+6568964081057
E,+6030200108317,+6589561253469
E,+8455312383535,+8637085257746
E,+9532613389224,+6029741675322
E,+85688246624102,+67029189108798
E,+6380751142761,+9532030283432
E,+6628910713820,+67345172917937
E,+8419941131121,+6280248362041
E,+4477237350480,+136047065184
E,+162931299052,+6376611081652
E,+85671890076562,+8452547673597
E,+6646470995321,+181963862375
E,+85544085949377,+67065455709487
E,+85570778653564,+8419941131121
E,+6605756325310,+4479214790852
E,+6211319115126,+85620844379454
E,+125053608690,+85605236945875
E,+67069442485930,+8448252626351
E,+85518084456942,+85563978979022
E,+67041372210604,+67336794486169
E,+4479214790852,+8456604647141
E,+8455526527566,+6585866322891
E,+85677150187644,+85647189160225
E,+8493834474184,+8640511097832
E,+6095453236836,+6646470995321
E,+85695802268295,+85538417310189
E,+157596059208,+67023343589904
E,+67309601520695,+6563344127603
E,+8655656784975,+6654228751636
E,+6508084105723,+6365382573983
E,+9596839067415,+8627894189313
E,+67058316146142,+6232164700596
E,+4421428164705,+166594376633
E,+6095453236836,+6022052972400
E,+6575831492425,+67322911224317
E,+6507124361058,+8491144358069
E,+6562040857360,+6687484316721
E,+8420082404571,+4419721747750
E,+6280248362041,+9506741974501
E,+9519133919344,+67071635314886
E,+6292353221261,+85504660079986
E,+6015456477281,+6378875543744
E,+67036443090066,+6224231548733
E,+8681873673786,+8611085329168
E,+4477237350480,+9518634760510
E,+85598076317126,+6629273050944
E,+85559904084600,+9536304794904
E,+168487242960,+6580509533033
E,+6668762381980,+67363736370041
E,+85528692784265,+6365382573983
E,+6304475125383,+6575831492425
E,+6087099987753,+6277801426232
E,+4454730954980,+6383351014405
E,+6217755199138,+67346784962833
E,+67369114648888,+4420536483490
E,+6046920465453,+8671106931823
E,+142603090541,+8607811374222
E,+67375706200320,+85523907989300
E,+85648935670644,+85521958940701
E,+85698643150875,+6087712483998
E,+85549899116192,+9506741974501
E,+105347254645,+8640511097832
E,+85674691388101,+8453380232924
E,+85656488827634,+8675351170220
E,+8695195456406,+67371339154927
E,+9588927673153,+85677324634258
E,+85558194135192,+85559904084600
E,+6292353221261,+123602648505
E,+6367102150066,+8453380232924
E,+6339734799051,+85546098553263
E,+6240175696188,+6267455739245
E,+6624040861943,+6656874167740
E,+85523907989300,+6297812385411
E,+9553885251968,+4483147357376
E,+6063233881152,+6507124361058
E,+6627196878777,+85641878843586
E,+85561653424689,+192101828008
E,+8487873347743,+67338661076020
E,+67387513632969,+6672014671714
E,+67381551499510,+67095334360404
E,+6516071094264,+166947702521
E,+8668867045171,+67073085553078
E,+85679419974299,+8685015721259
E,+6312920602750,+4488762034005
E,+67058316146142,+67072682423583
E,+6092867032905,+67388070043042
E,+67319004987703,+6661784350519
E,+67319004987703,+85546144693121
E,+85522367830533,+67070110983602
E,+9503231072762,+67312155468452
E,+8689860129834,+6033912537561
E,+4426849472281,+67341634755631
E,+6621352846712,+67379137462424
E,+6378480855825,+6581280548429
E,+4407631737003,+6638567388501
E,+67022401027773,+186693278554
E,+67029664722495,+67025126074282
E,+8673961820527,+67055994121407
E,+8404875010156,+67335376301815
E,+67043815692036,+85648935670644
E,+125053608690,+6521280137907
E,+9512047955904,+121143758978
E,+4470391996466,+8678220449694
E,+8433498149160,+6297494054589
E,+8687162484768,+85570263609243
E,+8445383425548,+67309384573034
E,+67343666034045,+85675946936167
E,+6283834822553,+6024990581093
E,+9535167028473,+67097108077800
E,+8656918504556,+6367102150066
E,+67315501377839,+6521280137907
E,+6005517650865,+67383016329103
E,+85527461938503,+162544641545
E,+9571794061918,+6344173720747
E,+85677150187644,+4456388866799
E,+101700678490,+6239492988702
E,+6570654821723,+85601212082313
E,+6015456477281,+8430429276593
E,+8656918504556,+85549899116192
E,+6051036882655,+6593002682042
E,+9503231072762,+6015942960197
E,+4417388074274,+6277041067030
E,+8696059948648,+6276798882950
E,+6501350289320,+85519263886084
E,+6614896351251,+67319004987703
E,+6064160965822,+4400335639971
E,+67375449585851,+67337459115792
E,+6371206484838,+166594376633
E,+8666400855201,+8499714062434
E,+67354320344303,+6015832065841
E,+8611085329168,+8663870142779
E,+6090229532292,+6680685320147
E,+6621352846712,+8430897942421
E,+4428105264173,+6576505914141
E,+142603090541,+6082283045944
E,+6682363655408,+169318164464
E,+9569809996602,+85543798959747
E,+6018219703238,+85610960166895
E,+67099127022612,+67340085038497
E,+6532280302221,+6091516656573
E,+9554665500677,+8430897942421
E,+6580509533033,+6303020823565
E,+6548413467483,+6304797224886
E,+8663870142779,+4421718329491
E,+85600010551645,+8410625691781
E,+9532030283432,+6090229532292
E,+85510218124023,+6091516656573
E,+8655277210735,+85624502808953
E,+9585564474553,+85672349090634
E,+85566681584795,+67342717676997
E,+85623574060037,+67042498875202
E,+8611792913583,+6235536594912
E,+67029189108798,+8673547482717
E,+67067200476305,+85601212082313
E,+8402817364066,+67351869991127
E,+6646470995321,+67334173156499
E,+9586123384702,+153758170933
E,+4402561248472,+4402776620019
E,+67339182862508,+6015456477281
E,+67002420707937,+100201644433
E,+9552403736438,+6628805419309
E,+67037365415527,+85558899671621
E,+85574835355382,+67387513632969
E,+67077499001321,+6292749091141
E,+4421592511328,+6054082188177
E,+67396227394937,+67312155468452
E,+6253959771577,+9533146765117
E,+8635671587976,+8451453208394
E,+67046398286259,+8464324044927
E,+85549480404546,+85682855287273
E,+8491144358069,+6656874167740
E,+67354320344303,+6538024508642
E,+85543798959747,+67041372210604
E,+8474278832571,+4411981554192
E,+6668135262968,+4460575003015
E,+8433715191453,+8695195456406
E,+6297627021977,+85504660079986
E,+6614896351251,+8688102564929
E,+6215091546896,+8499714062434
E,+6531208367974,+67082146493377
E,+85570263609243,+4428105264173
E,+4431909909803,+6211319115126
E,+6225786684080,+67336794486169
E,+8655277210735,+149926357833
E,+85575289337911,+85619326745732
E,+85614597058468,+6054082188177
E,+6303020823565,+6300699121313
E,+8686589080584,+85558194135192
E,+6072488067892,+4461450664332
E,+67338661076020,+6285185982198
E,+6540628454924,+67041372210604
E,+67022704125586,+67397296228695
E,+6022052972400,+8670844941005
E,+6362161295413,+8455526527566
E,+6268215946819,+6388510160117
E,+8413444729166,+6374466732184
E,+6297494054589,+133659260788
E,+6015456477281,+85674948654077
E,+6217146161738,+8470925870141
E,+85538417310189,+8690151039850
E,+8633024351328,+9596839067415
E,+67029189108798,+6285185982198
E,+85682855287273,+127320387285
E,+6684943964345,+4452360849723
E,+85648935670644,+9530766228506
E,+85559904084600,+6203409286066
E,+67080169715525,+67381551499510
E,+8671106931823,+6302091151550
E,+6629273050944,+4469277752672
E,+9512307693499,+152195801843
E,+9531467915273,+4408540371033
E,+8602198521401,+85691258227654
E,+6585866322891,+8637085257746
E,+6593002682042,+6568964081057
E,+6026619434544,+6339734799051
E,+85598479147409,+8634029421306
E,+6384127684039,+145833663843
E,+6292353221261,+85617412909916
E,+120109333627,+4416761588377
E,+198158094903,+6668762381980
E,+67025126074282,+9513701859536
E,+132961913601,+169318164464
E,+4488762034005,+6599431614564
E,+6036233398537,+8446556847426
E,+6253959771577,+6516071094264
E,+67322911224317,+6328211129857
E,+9590693231995,+6297627021977
E,+85626073930629,+85519871627555
E,+67358688774551,+6576505914141
E,+6643540709032,+6591975519003
E,+67329020851403,+67090954751744
E,+6615295998058,+67340085038497
E,+8413201136105,+6257920913223
E,+6292749091141,+6064847843621
E,+85699542314169,+6578744421541
E,+85629562873629,+8655277210735
E,+6051114319289,+4402776620019
E,+67067997829236,+107087801588
E,+6513678774351,+8419941131121
E,+6386083370488,+67319004987703
E,+6508084105723,+85519263886084
E,+8611180751670,+6595722032244
E,+6508084105723,+6539954561909
E,+8423891319389,+85541988828219
E,+8633024351328,+6543454369481
E,+9514346291326,+4407631737003
E,+6285185982198,+9584728303906
E,+85677150187644,+4414666851530
E,+8491144358069,+6064847843621
E,+6039341581497,+8431704527815
E,+4498891182694,+6644475815327
E,+6605996337270,+67312413831813
E,+67077499001321,+9585491263773
E,+67340085038497,+6605137376327
E,+6064160965822,+85520614753796
E,+4408179268186,+6359221352175
E,+67329823224051,+180003481260
E,+4434705008076,+6643540709032
E,+67080169715525,+85605236945875
E,+6215195801433,+4411981554192
E,+85682855287273,+6666725263409
E,+67336794486169,+6082283045944
E,+6642882192379,+8650551856299
E,+8697515790595,+9571794061918
E,+150600156026,+9547773262318
E,+4402561248472,+6036233398537
E,+6501350289320,+8474278832571
E,+85648626941882,+6076209860434
E,+6064847843621,+67071635314886
E,+8690151039850,+67058316146142
E,+85691258227654,+6268347943568
E,+9565269347433,+8433715191453
E,+85596182314812,+136047065184
E,+9529958568037,+127994016474
E,+85558420686956,+193673405655
E,+85644249446120,+6646470995321
E,+67337655981587,+67376472760742
E,+8687162484768,+85519604976156
E,+168487242960,+162307683785
E,+195625276916,+9560364754110
E,+8420082404571,+85659835119885
E,+6266847842618,+6034698306712
E,+4452360849723,+6674067292275
E,+6660752296800,+6312920602750
E,+85622251337217,+6513678774351
E,+85596436255351,+4407631737003
E,+6301072176524,+8687162484768
E,+8640511097832,+8627894189313
E,+140872760839,+6383351014405
E,+8627894189313,+194297087571
E,+8633024351328,+4491390172127
E,+9553665848520,+85570263609243
E,+161282421525,+6017240088466
E,+6510378085190,+6001605485756
E,+6581280548429,+6032817523772
E,+6346617739753,+6563091665935
E,+67358933512561,+85619326745732
E,+6016545164443,+85503593930379
E,+9549069878249,+6099831844780
E,+158551647950,+85536125170553
E,+4492417641211,+6577697769536
E,+8417585671601,+6538024508642
E,+6679013186976,+67049693586820
E,+4444993188851,+67358688774551
E,+85510783086748,+8423891319389
E,+6621352846712,+67061008772109
E,+166383356242,+85647189160225
E,+158551647950,+4484237362371
E,+6376611081652,+8434464208050
E,+120109333627,+105347254645
E,+9509824611227,+6584887187976
E,+85669781580785,+8474278832571
E,+6562040857360,+6018947027987
E,+6538800528019,+6378480855825
E,+67375706200320,+85552239994486
E,+67016433618095,+6312920602750
E,+85570778653564,+4490028532898
E,+9571015504250,+8606959758778
E,+6589494400875,+6018875427986
E,+4436596784609,+6574749707176
E,+9549069878249,+85641878843586
E,+6015832065841,+8437934501972
E,+8667703215511,+85549480404546
E,+6674397315508,+6508876749571
E,+85685260852080,+6556034648126
E,+9506118468520,+85693929543669
E,+8685015721259,+8435072849580
E,+67337655981587,+6365759745231
E,+4484237362371,+150600156026
E,+85579597083881,+6064847843621
E,+8604371412669,+67017851064239
E,+194016577522,+6255449652359
E,+85685260852080,+8600428930563
E,+67095334360404,+85575289337911
E,+85672511104041,+67394404840605
E,+67050472580124,+9514346291326
E,+6543454369481,+9560364754110
E,+85607392906938,+85694587836010
E,+8410625691781,+8419941131121
E,+67099367614460,+6387320822906
E,+67336794486169,+4445417177311
E,+8457063363716,+9536304794904
E,+8613992241575,+6015832065841
E,+85568071856683,+6593313227884
E,+8430897942421,+6261319396586
E,+8491144358069,+8419941131121
E,+6033912537561,+6266847842618
E,+8445383425548,+4412780240245
E,+4468591660624,+85575289337911
E,+180003481260,+6628910713820
E,+6365382573983,+8648564144662
E,+4458055327648,+4421428164705
E,+6654877536598,+85617995140767
E,+6537504441786,+6538800528019
E,+67023728123161,+6087267614608
E,+6614144479435,+85659147464039
E,+85544085949377,+85694691416849
E,+195277253114,+85610960166895
E,+85641878843586,+6643540709032
E,+6575131998082,+4444993188851
E,+8457063363716,+6591975519003
E,+6589494400875,+120220809421
E,+8641114336029,+6018875427986
E,+85512577033230,+127320387285
E,+8406081734301,+6584887187976
E,+85531060783416,+85643269380171
E,+67354320344303,+67049693586820
E,+121143758978,+4460433989797
E,+8685384409672,+4490028532898
E,+85527461938503,+6683553233865
E,+67354320344303,+85566681584795
E,+8448252626351,+6266847842618
E,+125371856431,+85568071856683
E,+8697339099103,+6630543359829
E,+67054401337338,+4411981554192
E,+6661784350519,+85547641373469
E,+9590693231995,+8681319976183
E,+166947702521,+8680843867111
E,+9571794061918,+8407908574911
E,+8662685497142,+85699542314169
E,+9574527698243,+6621352846712
E,+9534344768461,+67039856225784
E,+85589975524719,+67344655480287
E,+6051036882655,+6568964081057
E,+85549899116192,+9512047955904
E,+85544085949377,+67094363190751
E,+85570263609243,+8431704527815
E,+85598271696469,+6029308794519
E,+85659835119885,+6084473028249
E,+67069442485930,+85637884704068
E,+6537504441786,+8404875010156
E,+67086799171205,+6032817523772
E,+4460575003015,+85544085949377
E,+85644249446120,+6542511849345
E,+85519871627555,+6621352846712
E,+85579989921200,+4412780240245
E,+6309049835470,+4499281669112
E,+168691630874,+67067997829236
E,+6638567388501,+8641543525209
E,+85678328130691,+6257920913223
E,+6388510160117,+4493588658099
E,+8662685497142,+8487873347743
E,+4484237362371,+157596059208
E,+6076209860434,+4444993188851
E,+67022401027773,+67337655981587
E,+85600010551645,+67387513632969
E,+67387513632969,+8627555725738
E,+8435072849580,+6534905787506
E,+8448252626351,+193673405655
E,+9512307693499,+67379137462424
E,+9563571868994,+6380751142761
E,+116966626022,+6390313867804
E,+4477237350480,+186693278554
E,+85651560220340,+6380433461490
E,+85504660079986,+4424426274389
E,+85612264143230,+67013193851963
E,+85695980098253,+67072682423583
E,+67336794486169,+8671106931823
E,+8604371412669,+132961913601
E,+6672014671714,+6595722032244
E,+6084511451542,+67092096707360
E,+6266847842618,+85619326745732
E,+85531516480989,+9547773262318
E,+6680685320147,+6600564474393
E,+6574749707176,+8635403106483
E,+4453292104403,+85679419974299
E,+157596059208,+67357148292408
E,+133659260788,+152195801843
E,+85651560220340,+6303020823565
E,+85531140100936,+85694691416849
E,+67394404840605,+118353962933
E,+85519263886084,+6033912537561
E,+6394848261096,+4438729774888
E,+6320797724784,+9560364754110
E,+4473893383058,+67021061577228
E,+125371856431,+9512047955904
E,+6064160965822,+9519133919344
E,+67030129952966,+67322911224317
E,+6203310998026,+6058226978113
E,+6277041067030,+4471565384216
E,+85505859807443,+4496714679610
E,+9547773262318,+8439625246792
E,+8476093400764,+6041798627406
E,+194297087571,+6679013186976
E,+6578744421541,+6683765793503
E,+6225786684080,+67363736370041
E,+4405042846746,+6268347943568
E,+9586123384702,+85672511104041
E,+9588927673153,+67378020633808
E,+8433498149160,+67050024599238
E,+8673547482717,+100201644433
E,+161937140049,+6357744156255
E,+6061542388773,+85663438601833
E,+8486873884123,+85527461938503
E,+6225648091858,+67095334360404
E,+85698643150875,+85568071856683
E,+6057261751357,+6660181215731
E,+9503639124156,+85510456407378
E,+9526743846846,+6542511849345
E,+6650926449223,+153093353918
E,+6614896351251,+6557462685271
E,+8449514210005,+142603090541
E,+6277988984510,+6570654821723
E,+8442253857163,+6621807601667
E,+85509406258917,+85614597058468
E,+127994016474,+67064671690651
E,+67335210055214,+67022704125586
E,+6215195801433,+126267416530
E,+9519133919344,+6595722032244
E,+6033847371247,+8423891319389
E,+6093463909343,+6642882192379
E,+6600564474393,+102259940386
E,+6362161295413,+6038309856822
E,+6381400799291,+6698560438760
E,+67022401027773,+130939240208
E,+6057261751357,+85536125170553
E,+6508084105723,+6589494400875
E,+67339182862508,+85602941920650
E,+67394404840605,+8639031204221
E,+67376369196328,+8687162484768
E,+85565584778675,+85561653424689
E,+85647189160225,+85682855287273
E,+85570263609243,+67042498875202
E,+85651560220340,+8673547482717
E,+67326993758783,+85570263609243
E,+8482090469974,+85510783086748
E,+8606897282962,+6380751142761
E,+6374466732184,+186998149831
E,+195625276916,+85617995140767
E,+6380433461490,+6038309856822
E,+161282421525,+8670844941005
E,+6650195982601,+9519133919344
E,+6537712956623,+67023343589904
E,+67369012011523,+6273697882268
E,+6349125436659,+6508084105723
E,+6605137376327,+9515731491126
E,+6309171294205,+6672014671714
E,+6022052972400,+8633228603248
E,+67011283580420,+4466192992546
E,+6257920913223,+6217146161738
E,+6022052972400,+9503639124156
E,+127994016474,+6623406719476
E,+171493204141,+6698560438760
E,+9584728303906,+85645973179502
E,+8417585671601,+4414666851530
E,+9510571265198,+6682924917270
E,+85574835355382,+6024796050075
E,+67375449585851,+171493204141
E,+195011344118,+4473319495792
E,+85527461938503,+6691053007598
E,+6639502711325,+85600010551645
E,+8642004739925,+6018947027987
E,+85645973179502,+85528086727215
E,+6585866322891,+6623406719476
E,+67098375263042,+6531208367974
E,+6556034648126,+6556282211053
E,+8667703215511,+67011283580420
E,+85675946936167,+4499281669112
E,+4444993188851,+6538024508642
E,+85694587836010,+8435072849580
E,+8630621393079,+4499281669112
E,+6297627021977,+85617412909916
E,+6654228751636,+6302091151550
E,+9510571265198,+4444993188851
E,+8697963107469,+85547641373469
E,+85659075984655,+6215091546896
E,+6273697882268,+67022401027773
E,+6303020823565,+6556719404697
E,+199914596989,+6506529263651
E,+67099367614460,+8482555286371
E,+6638567388501,+8433498149160
E,+9506118468520,+67054127148509
E,+6691408781916,+107263608086
E,+8445092374742,+4417388074274
E,+6574749707176,+67338661076020
E,+6033847371247,+6267030879058
E,+136047065184,+176113624238
E,+153758170933,+6016545164443
E,+67369012011523,+9530766228506
E,+162307683785,+6206303366433
E,+85675655615129,+6309171294205
E,+8670844941005,+85592925260415
E,+9586123384702,+6573260366593
E,+85522367830533,+8641543525209
E,+6388349979769,+4421718329491
E,+6041276079763,+6061815634575
E,+198158094903,+8433498149160
E,+6589494400875,+4483277869345
E,+6376611081652,+6239492988702
E,+6034274022494,+195277253114
E,+6686223172595,+8431704527815
E,+9571794061918,+8456604647141
E,+8633024351328,+8604371412669
E,+85616801116006,+67389005028981
E,+9505673265828,+85625805483461
E,+67049693586820,+9519133919344
E,+6603887310465,+67049693586820
E,+67036443090066,+6668762381980
E,+6380433461490,+8690151039850
E,+6652784345765,+85531140100936
E,+6033912537561,+6357357499996
E,+8687162484768,+6643540709032
E,+6588811821678,+6538800528019
E,+6506698294827,+67061008772109
E,+85644773659795,+85696636999152
E,+8696059948648,+67097108077800
E,+8476093400764,+85583424300876
E,+9590693231995,+8689860129834
E,+9584728303906,+6206303366433
E,+6016545164443,+6654228751636
E,+8673749003746,+4445417177311
E,+9573120921405,+9585967568618
E,+4404536832299,+6001605485756
E,+85589975524719,+6616106750514
E,+8433715191453,+9514346291326
E,+113553040758,+6087267614608
E,+6093463909343,+6660181215731
E,+85675655615129,+8407908574911
E,+67375546629745,+85647189160225
E,+67388070043042,+6555888541079
E,+8466009020558,+6384127684039
E,+6627196878777,+9506118468520
E,+67054127148509,+152195801843
E,+6265138332644,+8655277210735
E,+6041798627406,+9582731003492
E,+6320797724784,+4402776620019
E,+8634029421306,+9529479763297
E,+85697042837349,+8409258732623
E,+150842885918,+6563344127603
E,+85607392906938,+6650372449162
E,+9553665848520,+167696693113
E,+85677150187644,+6203409286066
E,+9582731003492,+6562822565600
E,+6034274022494,+6588811821678
E,+4403172927319,+8418191563805
E,+6639502711325,+6388510160117
E,+8431704527815,+125371856431
E,+6215091546896,+6396999483375
E,+67097108077800,+181963862375
E,+6512692512742,+85572927603897
E,+127994016474,+6087712483998
E,+6580509533033,+6600860607591
E,+4421718329491,+6357744156255
E,+9512890780900,+118540320508
E,+180939588284,+6672014671714
E,+85575289337911,+85559904084600
E,+6538024508642,+4498906317514
E,+8437934501972,+6591975519003
E,+6563091665935,+85617412909916
E,+85536125170553,+85695980098253
E,+6563344127603,+4470391996466
E,+6623406719476,+67040472075431
E,+67033592768820,+6018219703238
E,+6684943964345,+85607392906938
E,+8633228603248,+67337459115792
E,+6029308794519,+6302091151550
E,+67097108077800,+4499281669112
E,+6354547774221,+8419941131121
E,+85614597058468,+127320387285
E,+6061815634575,+186998149831
E,+8649306980694,+67097108077800
E,+8470925870141,+8683671927937
E,+6380751142761,+127994016474
E,+199914596989,+67357148292408
E,+8640511097832,+85570778653564
E,+6690483330716,+4444993188851
E,+167696693113,+6034698306712
E,+8474278832571,+180939588284
E,+4436596784609,+6660181215731
E,+133659260788,+67022401027773
E,+85605236945875,+6261319396586
E,+9570464291255,+8648564144662
E,+8689860129834,+6061542388773
E,+6556034648126,+85566681584795
E,+6043177305822,+6577697769536
E,+4412780240245,+67033592768820
E,+67302391870471,+85689648097492
E,+6283834822553,+8431704527815
E,+9547773262318,+6683553233865
E,+8410108727850,+9512307693499
E,+8693789946033,+176113624238
E,+159541311379,+67058316146142
E,+181963862375,+85504660079986
E,+6360868927726,+85619326745732
E,+9518634760510,+8642004739925
E,+107263608086,+6301072176524
E,+6394848261096,+8685384409672
E,+85522840031141,+85651259749501
E,+67319004987703,+67097108077800
E,+6376611081652,+6603887310465
E,+4455008560961,+6091710095163
E,+67339182862508,+6622548217377
E,+162544641545,+6537712956623
E,+6599431614564,+6092867032905
E,+85644249446120,+8607811374222
E,+85617412909916,+6650926449223
E,+67363736370041,+85659835119885
E,+67014453942921,+6018219703238
E,+85588451927322,+199914596989
E,+85598271696469,+158551647950
E,+85671890076562,+67334173156499
E,+4488762034005,+9513701859536
E,+6388349979769,+85622251337217
E,+6605756325310,+85558899671621
E,+6217755199138,+85659075984655
E,+6293142405063,+9563571868994
E,+186693278554,+9554665500677
E,+8424149809896,+6267030879058
E,+176113624238,+67315501377839
E,+85549480404546,+4466192992546
E,+6247259829148,+9510571265198
E,+6266847842618,+9530766228506
E,+4421592511328,+6524889891116
E,+6501350289320,+6052022816034
E,+85651560220340,+6680383780045
E,+67056130135841,+67329020851403
E,+6388349979769,+4477237350480
E,+6508876749571,+6320797724784
E,+6504005407065,+8656918504556
E,+6213060675173,+85510218124023
E,+4404149064538,+8419941131121
E,+6372103490393,+85676839955602
E,+4447311393967,+4477754311044
E,+85521958940701,+67326318047366
E,+6600860607591,+67358933512561
E,+6390313867804,+8606897282962
E,+9552829015585,+67021061577228
E,+6543454369481,+6660233803870
E,+67302391870471,+8453380232924
E,+9512047955904,+9518634760510
E,+4483277869345,+6354547774221
E,+6576505914141,+136605663673
E,+67017851064239,+6015942960197
E,+136605663673,+6046920465453
E,+6054082188177,+8662758003721
E,+9528749902936,+4434705008076
E,+4453292104403,+6650195982601
E,+8435072849580,+6623285117678
E,+8486873884123,+6357744156255
E,+6387320822906,+67072682423583
E,+8435072849580,+6320381331714
E,+67092096707360,+6642882192379
E,+6565017077321,+6005452395682
E,+9565269347433,+6259687024441
E,+67350747820624,+6589494400875
E,+67379836030478,+85625805483461
E,+6095453236836,+67326414969715
E,+6387320822906,+85677324634258
E,+4402679171890,+6087267614608
E,+6548413467483,+8482090469974
E,+67049693586820,+6346617739753
E,+9536304794904,+199914596989
E,+4424332959370,+8410108727850
E,+67014728204587,+67312413831813
E,+180003481260,+6293142405063
E,+6654228751636,+6669504257792
E,+6213895874559,+67094363190751
E,+6576505914141,+67054127148509
E,+85592925260415,+67033592768820
E,+6267030879058,+6511507327267
E,+4460575003015,+9506118468520
E,+8696059948648,+6343363065210
E,+8614204803587,+4421428164705
E,+9560083978212,+8641091019636
E,+6022052972400,+4456388866799
E,+6559721773682,+6320797724784
E,+85558420686956,+8662758003721
E,+158551647950,+67337655981587
E,+101700678490,+67022401027773
E,+4445417177311,+4493588658099
E,+6016545164443,+85645973179502
E,+8434464208050,+9563571868994
E,+6548413467483,+126267416530
E,+4416761588377,+9552403736438
E,+67099367614460,+85566681584795
E,+126267416530,+102259940386
E,+67023728123161,+6247004728578
E,+8450214895574,+158551647950
E,+85514961286240,+85552239994486
E,+6277041067030,+6312920602750
E,+85691258227654,+9529479763297
E,+198158094903,+6312920602750
E,+85541988828219,+6575831492425
E,+6005517650865,+4445417177311
E,+6064847843621,+6016325319485
E,+6285185982198,+6605137376327
E,+8662758003721,+8665901629410
E,+6217755199138,+85647189160225
E,+6094906718776,+6346617739753
E,+9582731003492,+6015456477281
E,+85559904084600,+6297494054589
E,+85521958940701,+127994016474
E,+4447311393967,+6642882192379
E,+4447311393967,+6556719404697
E,+6593313227884,+125501335485
E,+6016325319485,+8611085329168
E,+8457063363716,+198158094903
E,+85549249610062,+6607775198567
E,+67348016246542,+6682363655408
E,+4473319495792,+85535735160910
E,+6236878957291,+6264492060534
E,+145506433985,+67326318047366
E,+6076209860434,+8449514210005
E,+85509581238080,+85697042837349
E,+9569809996602,+67334173156499
E,+6689200616710,+67326993758783
E,+8662685497142,+8673425309617
E,+8434583681266,+6634804050743
E,+6638179476358,+8686589080584
E,+148307193082,+6062291417915
E,+150600156026,+6357357499996
E,+8665901629410,+6203409286066
E,+4496714679610,+157596059208
E,+6501350289320,+6645683256207
E,+85682855287273,+6556719404697
E,+6246814031796,+6580509533033
E,+113553040758,+8639031204221
E,+6593002682042,+67073085553078
E,+6001605485756,+9563571868994
E,+8423891319389,+6090229532292
E,+6016325319485,+8648179473835
E,+6542511849345,+4470391996466
E,+85636981471715,+6548413467483
E,+6573260366593,+6268215946819
E,+8493834474184,+85528413232473
E,+6543454369481,+158551647950
E,+4491390172127,+6206201667668
E,+6686223172595,+6099831844780
E,+85523907989300,+8675351170220
E,+9585967568618,+85588451927322
E,+67065455709487,+6682924917270
E,+67359481510595,+6032817523772
E,+6512692512742,+67098375263042
E,+6036233398537,+118353962933
E,+6394848261096,+85538417310189
E,+85549480404546,+67326414969715
E,+6304475125383,+85572927603897
E,+4411981554192,+85541988828219
E,+67054401337338,+85629562873629
E,+6365759745231,+8455526527566
E,+8688102564929,+171493204141
E,+6619527063821,+6378480855825
E,+6556719404697,+6051114319289
E,+4492417641211,+6654228751636
E,+67383016329103,+85596182314812
E,+6603887310465,+8649306980694
E,+67302391870471,+4478945096825
E,+6652784345765,+8487873347743
E,+6388510160117,+6360868927726
E,+6510378085190,+85626073930629
E,+6206201667668,+9547773262318
E,+8665901629410,+85615397015225
E,+85627788564362,+149926357833
E,+67049693586820,+4421592511328
E,+6390534236140,+6672014671714
E,+6680685320147,+85519263886084
E,+194016577522,+6052022816034
E,+85695802268295,+85565584778675
E,+4421428164705,+4424640848636
E,+85535735160910,+6227666766864
E,+67055994121407,+85596357812178
E,+6575131998082,+8689860129834
E,+6639502711325,+6585866322891
E,+6691408781916,+4420536483490
E,+85598271696469,+8634029421306
E,+67309786035741,+67390715572587
E,+145833663843,+6394848261096
E,+6320797724784,+6654877536598
E,+8604222375077,+8469918815222
E,+6335890761697,+67067997829236
E,+6308342384102,+85528692784265
E,+6621352846712,+6379680412756
E,+6255449652359,+85698794789667
E,+6684943964345,+9582731003492
E,+85570033078326,+8418191563805
E,+6616106750514,+85531140100936
E,+4491390172127,+6563344127603
E,+4420536483490,+85570263609243
E,+9512890780900,+67069442485930
E,+4419721747750,+8613992241575
E,+85528692784265,+153093353918
E,+8604371412669,+181963862375
E,+8672221269221,+6089338476332
E,+6624040861943,+6022052972400
E,+6680383780045,+6622548217377
E,+85641878843586,+140872760839
E,+67039856225784,+85605236945875
E,+6277801426232,+8606897282962
E,+8485774127398,+153093353918
E,+6365759745231,+6504005407065
E,+67036443090066,+6542511849345
E,+198158094903,+85596357812178
E,+6638179476358,+6032817523772
E,+6090229532292,+6621352846712
E,+85527461938503,+85583424300876
E,+85674948654077,+85677150187644
E,+9552829015585,+6091710095163
E,+180003481260,+4471565384216
E,+67322911224317,+85690871134528
E,+4417388074274,+6297494054589
E,+113553040758,+6257920913223
E,+6687484316721,+6061815634575
E,+4420536483490,+4438729774888
E,+8439625246792,+120930778119
E,+6627196878777,+152656779158
E,+6236878957291,+85679357079934
E,+4438729774888,+8486873884123
E,+4466192992546,+4460433989797
E,+6508084105723,+8411461697928
E,+8486873884123,+4408540371033
E,+9510571265198,+6018219703238
E,+67331832183526,+6280248362041
E,+4402561248472,+9585564474553
E,+67363736370041,+6058226978113
E,+8431603273483,+6374466732184
E,+8499714062434,+6639502711325
E,+8655277210735,+6285185982198
E,+6301111680135,+6600564474393
E,+67348016246542,+85688246624102
E,+6092867032905,+8667703215511
E,+8435072849580,+9590693231995
E,+9515731491126,+4421428164705
E,+6619527063821,+67054401337338
E,+85535735160910,+67342717676997
E,+6638915940735,+8697515790595
E,+85575289337911,+85623574060037
E,+6320381331714,+6680383780045
E,+6227666766864,+85648626941882
E,+67014453942921,+85596182314812
E,+4447311393967,+126267416530
E,+6374466732184,+4424640848636
E,+85619326745732,+67344655480287
E,+9549069878249,+4428105264173
E,+67322911224317,+6376611081652
E,+6690483330716,+85674691388101
E,+4493588658099,+100201644433
E,+6064847843621,+8697339099103
E,+67054127148509,+6227666766864
E,+4422113005359,+6651680482704
E,+6556034648126,+9585564474553
E,+6384330882360,+85698794789667
E,+8641543525209,+8607811374222
E,+6540263147618,+6016545164443
E,+4483277869345,+120109333627
E,+67376472760742,+85679419974299
E,+4402679171890,+8670844941005
E,+9517089953970,+85563978979022
E,+8604222375077,+85549249610062
E,+67357148292408,+9515731491126
E,+6026619434544,+85549480404546
E,+8430897942421,+8464324044927
E,+67056130135841,+6540628454924
E,+6309049835470,+181763259119
E,+6650195982601,+6357744156255
E,+6046920465453,+4498891182694
E,+67067997829236,+85600010551645
E,+6084511451542,+6634804050743
E,+8682686632242,+6024990581093
E,+6027215854172,+85546098553263
E,+67346784962833,+9528749902936
E,+6257920913223,+6024990581093
E,+9547527374438,+85637115783229
E,+199914596989,+4485680419730
E,+6304475125383,+8635671587976
E,+4422677374687,+6309049835470
E,+9554665500677,+6320381331714
E,+8410108727850,+6084511451542
E,+105347254645,+9515731491126
E,+8600428930563,+67058316146142
E,+85672349090634,+8445383425548
E,+6051036882655,+67070110983602
E,+85518487604707,+107263608086
E,+6076209860434,+4479214790852
E,+6029741675322,+195625276916
E,+9535167028473,+6616106750514
E,+85510783086748,+6266847842618
E,+85515639375983,+8424149809896
E,+67375706200320,+6516071094264
E,+85531140100936,+85570778653564
E,+9563571868994,+85518084456942
E,+6268347943568,+180939588284
E,+6378480855825,+6580509533033
E,+8434583681266,+6206201667668
E,+6507124361058,+6335890761697
E,+8445383425548,+9596839067415
E,+6365382573983,+8606959758778
E,+85616801116006,+6680685320147
E,+67054401337338,+67309786035741
E,+6511507327267,+67049693586820
E,+4421592511328,+6627196878777
E,+85672511104041,+85607392906938
E,+4419721747750,+85627026979383
E,+6277988984510,+6024990581093
E,+9534344768461,+8675351170220
E,+6379680412756,+127320387285
E,+67369012011523,+6396999483375
E,+8409258732623,+8648179473835
E,+8411461697928,+85510783086748
E,+9529958568037,+6225479550726
E,+6563186652379,+4455008560961
E,+8668867045171,+6390313867804
E,+8667703215511,+6046920465453
E,+6634804050743,+166947702521
E,+8407908574911,+8454934135044
E,+6381400799291,+6639502711325
E,+6384003515985,+85648935670644
E,+67337655981587,+6622548217377
E,+6565017077321,+6235536594912
E,+9516620935923,+67022704125586
E,+85627026979383,+145833663843
E,+6257920913223,+6308342384102
E,+85695802268295,+8633024351328
E,+6390534236140,+9510571265198
E,+152195801843,+85514961286240
E,+9532432178757,+6076209860434
E,+85669781580785,+67326993758783
E,+159541311379,+67095334360404
E,+8695195456406,+6038309856822
E,+6660181215731,+8663870142779
E,+8675351170220,+4455008560961
E,+85565584778675,+85598076317126
E,+136047065184,+166947702521
E,+8696059948648,+67343666034045
E,+6023183897055,+85607563119662
E,+6644475815327,+6619527063821
E,+6650195982601,+9520493603986
E,+85656488827634,+6668135262968
E,+9517604137775,+9512890780900
E,+85637115783229,+85602941920650
E,+4422677374687,+6540263147618
E,+6504005407065,+67326318047366
E,+6280248362041,+6251319929413
E,+6301111680135,+8442375775642
E,+127994016474,+195625276916
E,+67375449585851,+85600010551645
E,+85677324634258,+6374466732184
E,+9535167028473,+6090229532292
E,+8627555725738,+6225479550726
E,+85623574060037,+9571015504250
E,+85598479147409,+85607563119662
E,+6512692512742,+6203721684275
E,+6508084105723,+8445092374742
E,+8673547482717,+6206303366433
E,+6036233398537,+6255449652359
E,+149926357833,+6621807601667
E,+6539954561909,+9534344768461
E,+8695195456406,+6510378085190
E,+67311891208919,+85681153685541
E,+4477237350480,+85570033078326
E,+8662685497142,+8627555725738
E,+6647988780941,+6669504257792
E,+6510378085190,+85695980098253
E,+4417388074274,+157596059208
E,+6261319396586,+67371339154927
E,+6680685320147,+67067997829236
E,+6565017077321,+6684667802379
E,+6354547774221,+6247259829148
E,+85570033078326,+107263608086
E,+67092096707360,+6018875427986
E,+6698560438760,+8445789402446
E,+4428105264173,+8418191563805
E,+6076209860434,+6616106750514
E,+167696693113,+6301111680135
E,+123602648505,+6041276079763
E,+8664288615587,+67026136668853
E,+6353592644353,+4455008560961
E,+6553199335080,+6555888541079
E,+4456388866799,+8455312383535
E,+8673425309617,+131352932998
E,+9585491263773,+6052022816034
E,+6573260366593,+8693789946033
E,+8493834474184,+67378020633808
E,+8666400855201,+67326414969715
E,+6650372449162,+67360924810762
E,+8464324044927,+8406402722337
E,+85596182314812,+6384003515985
E,+6540628454924,+8611180751670
E,+6225648091858,+193673405655
E,+6349125436659,+6303020823565
E,+6348739617342,+8419941131121
E,+6384003515985,+8434464208050
E,+4428105264173,+8635671587976
E,+9517604137775,+4461450664332
E,+6099831844780,+9565269347433
E,+85574835355382,+85637884704068
E,+4473319495792,+6621807601667
E,+6224231548733,+85659075984655
E,+9530766228506,+121689395512
E,+6349125436659,+6645683256207
E,+6680383780045,+6388510160117
E,+179786836306,+8430307850991
E,+9510571265198,+6599431614564
E,+67379836030478,+6033912537561
E,+67309601520695,+85505859807443
E,+6684667802379,+85699004846925
E,+6203721684275,+8487873347743
E,+6004971290634,+6380751142761
E,+67039856225784,+8682686632242
E,+9532527611989,+6691408781916
E,+8457063363716,+195011344118
E,+67014728204587,+4424640848636
E,+9514346291326,+4400335639971
E,+6578113497038,+4436596784609
E,+6232164700596,+9585491263773
E,+85617995140767,+8482555286371
E,+8456604647141,+6638567388501
E,+6017240088466,+6359221352175
E,+8417585671601,+8604371412669
E,+6556282211053,+8407908574911
E,+67022401027773,+6661784350519
E,+85520614753796,+8664288615587
E,+85635957971744,+6041276079763
E,+8423891319389,+8682686632242
E,+6501350289320,+140752946172
E,+6090229532292,+67099367614460
E,+67308611530706,+67329020851403
E,+8611792913583,+6668762381980
E,+6372103490393,+6058226978113
E,+4477237350480,+4447423859577
E,+8453380232924,+6277041067030
E,+67061008772109,+6563186652379
E,+67092096707360,+6683765793503
E,+6534905787506,+6593313227884
E,+6084473028249,+6032817523772
E,+6595722032244,+67326993758783
E,+85549480404546,+67340085038497
E,+8428539913049,+8685015721259
E,+9512890780900,+67039856225784
E,+6041798627406,+6600860607591
E,+6030200108317,+6531208367974
E,+6698560438760,+9585564474553
E,+85625805483461,+145833663843
E,+85547641373469,+6264492060534
E,+8455526527566,+6091516656573
E,+67334173156499,+8413444729166
E,+67099367614460,+6605996337270
E,+67046398286259,+4479214790852
E,+8642125184834,+85541988828219
E,+4417388074274,+85616801116006
E,+4477237350480,+9571794061918
E,+6367102150066,+4404149064538
E,+6378480855825,+6206201667668
E,+85519871627555,+67375546629745
E,+4401939125569,+67077499001321
E,+6076209860434,+4460575003015
E,+6642882192379,+85503593930379
E,+8697515790595,+6001501087984
E,+6684667802379,+67309786035741
E,+85519263886084,+100201644433
E,+9542968703521,+6512692512742
E,+6501350289320,+6024796050075
E,+6539954561909,+6024990581093
E,+67029189108798,+85698643150875
E,+85510218124023,+6264492060534
E,+8614204803587,+6276798882950
E,+85600010551645,+85535735160910
E,+67016433618095,+67029189108798
E,+67309786035741,+6024990581093
E,+6041798627406,+6534905787506
E,+8635403106483,+6029308794519
E,+4460433989797,+8474278832571
E,+116236661833,+4445417177311
E,+6349125436659,+67307425097989
E,+85694587836010,+85509406258917
E,+6666725263409,+6027215854172
E,+8454934135044,+67337459115792
E,+85655744460814,+6378513449896
E,+6532280302221,+85637115783229
E,+6240175696188,+6255193340578
E,+67315501377839,+85536125170553
E,+85682855287273,+6084511451542
E,+6297812385411,+85622251337217
E,+8470925870141,+8402817364066
E,+6259687024441,+85602941920650
E,+4477754311044,+4493248342217
E,+85570263609243,+9533146765117
E,+6660233803870,+6682363655408
E,+6046920465453,+85625805483461
E,+107263608086,+6587613806175
E,+67348016246542,+85563978979022
E,+8690151039850,+6394848261096
E,+6227666766864,+6378513449896
E,+4408179268186,+6630543359829
E,+6661784350519,+9529958568037
E,+85596436255351,+6033912537561
E,+6538024508642,+6629273050944
E,+6645683256207,+8418191563805
E,+6607775198567,+4423064911268
E,+125501335485,+8682686632242
E,+85617412909916,+6581280548429
E,+67340085038497,+85592925260415
E,+6293142405063,+4445417177311
E,+85615397015225,+9531467915273
E,+6087099987753,+85699542314169
E,+85600010551645,+4466192992546
E,+6621807601667,+6261319396586
E,+85549480404546,+8442253857163
E,+6349125436659,+6591975519003
E,+6646470995321,+133312859062
E,+85528692784265,+8492238865427
E,+6680685320147,+6033912537561
E,+6308342384102,+6683765793503
E,+6062291417915,+9518634760510
E,+67009979376155,+67394404840605
E,+6235536594912,+6225648091858
E,+6605756325310,+6022052972400
E,+8690151039850,+6089338476332
E,+85538417310189,+6630543359829
E,+6605137376327,+132961913601
E,+6589561253469,+85510783086748
E,+85672511104041,+123602648505
E,+67022401027773,+6589730454440
E,+8435072849580,+85644773659795
E,+6603887310465,+6040953558660
E,+6277801426232,+6265138332644
E,+6538800528019,+8602198521401
E,+161282421525,+9530040655392
E,+125268241529,+9584728303906
E,+67071635314886,+85598271696469
E,+67376472760742,+192101828008
E,+6335890761697,+85672349090634
E,+6337272409447,+6603887310465
E,+6537504441786,+67099367614460
E,+9520493603986,+85509406258917
E,+195625276916,+67016433618095
E,+6235536594912,+6607775198567
E,+6023183897055,+6539954561909
E,+6504005407065,+6621807601667
E,+6215091546896,+85674691388101
E,+6277041067030,+85679357079934
E,+85641878843586,+6651680482704
E,+6682924917270,+6246814031796
E,+8402817364066,+4447311393967
E,+6224231548733,+85619326745732
E,+4456388866799,+6568964081057
E,+6634804050743,+186998149831
E,+8638235094791,+150600156026
E,+6041276079763,+67309384573034
E,+67040386616386,+6619527063821
E,+8434583681266,+9532527611989
E,+4473893383058,+67098375263042
E,+85598271696469,+85558899671621
E,+118722841267,+8470925870141
E,+6638567388501,+6251319929413
E,+9585491263773,+8606897282962
E,+67358688774551,+67044839297470
E,+6388349979769,+133659260788
E,+8492238865427,+6057261751357
E,+6029741675322,+9514346291326
E,+67394183691318,+67069442485930
E,+6064847843621,+6304475125383
E,+6087099987753,+6038309856822
E,+6040953558660,+4466192992546
E,+67379137462424,+67046398286259
E,+4403984434426,+4434705008076
E,+67099367614460,+85663438601833
E,+6384003515985,+4460575003015
E,+6519464232649,+6568964081057
E,+6241414836530,+6302091151550
E,+9513701859536,+85641878843586
E,+6034274022494,+9516620935923
E,+6046920465453,+9547773262318
E,+8437934501972,+6624040861943
E,+85626073930629,+85644249446120
E,+85559904084600,+8614204803587
E,+4428384677274,+181763259119
E,+8685015721259,+85549899116192
E,+8687162484768,+6005452395682
E,+67041372210604,+9570464291255
E,+9552829015585,+6302091151550
E,+6588811821678,+67387513632969
E,+85528086727215,+9547527374438
E,+4453292104403,+6684943964345
E,+6371206484838,+107263608086
E,+9512307693499,+9532527611989
E,+6264492060534,+67014453942921
E,+6015942960197,+6033912537561
E,+85598076317126,+9557673105724
E,+6253959771577,+8633228603248
E,+6615295998058,+4473893383058
E,+4424426274389,+6210839334760
E,+171493204141,+67335376301815
E,+8690151039850,+6559721773682
E,+4477237350480,+67013193851963
E,+8417585671601,+153758170933
E,+8437934501972,+6348739617342
E,+195625276916,+67067200476305
E,+67311891208919,+6384003515985
E,+85677324634258,+4421718329491
E,+9506741974501,+107263608086
E,+6022052972400,+6378513449896
E,+6501350289320,+6563344127603
E,+85624502808953,+8662685497142
E,+4473319495792,+67061008772109
E,+4479214790852,+6372103490393
E,+9526743846846,+85624502808953
E,+150842885918,+67379137462424
E,+8681319976183,+8627894189313
E,+85698643150875,+85689648097492
E,+6266847842618,+6519464232649
E,+6267455739245,+6643540709032
E,+9563571868994,+6532280302221
E,+6203721684275,+85608959231350
E,+85678328130691,+8630621393079
E,+6285185982198,+6562040857360
E,+6566260000637,+85565584778675
E,+113553040758,+67029189108798
E,+6285185982198,+6267030879058
E,+8642004739925,+6057261751357
E,+8682686632242,+6239492988702
E,+6563186652379,+85627788564362
E,+6660634496791,+6645683256207
E,+6646470995321,+8651791222502
E,+6240175696188,+195551333566
E,+9529958568037,+85574835355382
E,+9532613389224,+6538024508642
E,+6054082188177,+67309384573034
E,+67069442485930,+6241414836530
E,+6016545164443,+6372103490393
E,+6259687024441,+6614144479435
E,+85527461938503,+153758170933
E,+85518487604707,+6548413467483
E,+6018875427986,+67014453942921
E,+8689860129834,+6628805419309
E,+6576505914141,+67359481510595
E,+67026136668853,+6570654821723
E,+6309171294205,+67379137462424
E,+4456388866799,+6680383780045
E,+6261319396586,+9554665500677
E,+85637115783229,+67338661076020
E,+67064671690651,+9590693231995
E,+6660233803870,+6064160965822
E,+8431603273483,+67337459115792
E,+6684943964345,+9542968703521
E,+6343363065210,+4403172927319
E,+6556282211053,+8642004739925
E,+6638567388501,+195277253114
E,+8662472530094,+85600908253703
E,+8685015721259,+6603887310465
E,+9509824611227,+67394183691318
E,+8437934501972,+6084473028249
E,+85605236945875,+67337459115792
E,+67307425097989,+6010039479625
E,+6268347943568,+6623285117678
E,+6378513449896,+125371856431
E,+8450214895574,+67033592768820
E,+67044839297470,+6534905787506
E,+85663438601833,+6632731011169
E,+85690871134528,+67331832183526
E,+6265138332644,+67329020851403
E,+9585967568618,+85572725387579
E,+6255193340578,+6516071094264
E,+6654228751636,+9536304794904
E,+6390534236140,+85592925260415
E,+6645683256207,+6255193340578
E,+8667703215511,+6210839334760
E,+8423891319389,+9512307693499
E,+85655744460814,+85688246624102
E,+6581280548429,+6024990581093
E,+85643269380171,+67326318047366
E,+121143758978,+6679013186976
E,+4460575003015,+4485680419730
E,+67351869991127,+6562822565600
E,+9509824611227,+8455526527566
E,+6668135262968,+6259687024441
E,+8691662525169,+85643269380171
E,+6064847843621,+85519871627555
E,+67342717676997,+9563571868994
E,+6084511451542,+9532613389224
E,+4498891182694,+8456604647141
E,+6253959771577,+6056563747525
E,+85691258227654,+6652784345765
E,+85564572924022,+125053608690
E,+8635671587976,+8641543525209
E,+4494729190240,+67022704125586
E,+6553199335080,+4464946594257
E,+85617412909916,+85626073930629
E,+67040472075431,+6026619434544
E,+8400179348382,+67358933512561
E,+85624502808953,+4419721747750
E,+67002420707937,+4424426274389
E,+85694691416849,+85675655615129
E,+85619326745732,+9588927673153
E,+6624040861943,+67344655480287
E,+4424426274389,+67073085553078
E,+121689395512,+6589730454440
E,+6357744156255,+67013193851963
E,+6084473028249,+148307193082
E,+8650551856299,+6304797224886
E,+6379680412756,+67026136668853
E,+6224231548733,+6628910713820
E,+9582731003492,+6697794010106
E,+85600908253703,+6090229532292
E,+67094363190751,+67363736370041
E,+67346784962833,+6652784345765
E,+6691408781916,+67009979376155
E,+167696693113,+9520493603986
E,+85679357079934,+8602198521401
E,+85644249446120,+148307193082
E,+6033912537561,+8428539913049
E,+6382400346085,+8665901629410
E,+85625805483461,+8650551856299
E,+6661174935520,+6661784350519
E,+198158094903,+67040472075431
E,+6024990581093,+6539954561909
E,+6691053007598,+6628805419309
E,+6094906718776,+4477754311044
E,+85505859807443,+107263608086
E,+161937140049,+85572927603897
E,+85607563119662,+6543454369481
E,+118722841267,+67312155468452
E,+6213895874559,+9520493603986
E,+6033912537561,+9586123384702
E,+4478945096825,+6304797224886
E,+6227666766864,+8482555286371
E,+6217755199138,+67302391870471
E,+9532432178757,+8439625246792
E,+6563091665935,+4491390172127
E,+6645683256207,+85675655615129
E,+6521280137907,+85689648097492
E,+6380433461490,+6638915940735
E,+4460433989797,+85699004846925
E,+6076209860434,+145506433985
E,+6061542388773,+9505673265828
E,+6344173720747,+85510783086748
E,+9505673265828,+8420082404571
E,+85510218124023,+85612264143230
E,+6600564474393,+4464946594257
E,+6024990581093,+127320387285
E,+6364094716502,+6638567388501
E,+6253959771577,+158551647950
E,+4412780240245,+6555888541079
E,+67077499001321,+8662685497142
E,+8611085329168,+6555888541079
E,+8672221269221,+6614144479435
E,+9535167028473,+4456388866799
E,+9563571868994,+6513678774351
E,+4493588658099,+85522840031141
E,+6674067292275,+6217755199138
E,+67334173156499,+9515731491126
E,+85612264143230,+6565677546224
E,+6378480855825,+6605996337270
E,+6000710052668,+6018219703238
E,+67049693586820,+6563091665935
E,+85644773659795,+4401939125569
E,+67336794486169,+136605663673
E,+6628805419309,+6371206484838
E,+85570778653564,+85579597083881
E,+4447311393967,+8671106931823
E,+6015456477281,+85558420686956
E,+67309384573034,+6203721684275
E,+6236878957291,+6034698306712
E,+6259359900072,+6084511451542
E,+6543454369481,+6303020823565
E,+6267030879058,+6082283045944
E,+8665901629410,+85697042837349
E,+8469918815222,+105347254645
E,+85518084456942,+4498891182694
E,+4424640848636,+67029664722495
E,+9590693231995,+6573260366593
E,+6273697882268,+9569809996602
E,+85648626941882,+6689200616710
E,+6277801426232,+6682924917270
E,+8635671587976,+6273697882268
E,+6087099987753,+9569686958723
E,+6634804050743,+6643540709032
E,+85528086727215,+6297627021977
E,+8685015721259,+6521280137907
E,+85549249610062,+85579989921200
E,+67098375263042,+67097108077800
E,+67049693586820,+8673547482717
E,+4498906317514,+85608404267816
E,+159541311379,+133659260788
E,+85566681584795,+6015832065841
E,+108279673720,+6668135262968
E,+6283992293613,+4407631737003
E,+8602198521401,+85681153685541
E,+8442375775642,+6017240088466
E,+6225648091858,+85699542314169
E,+6304797224886,+67331832183526
E,+6024990581093,+6387320822906
E,+6268347943568,+67065455709487
E,+8611180751670,+85681153685541
E,+8445789402446,+67335210055214
E,+6017240088466,+85565584778675
E,+6390313867804,+105347254645
E,+6600860607591,+4422677374687
E,+8635403106483,+9501410369439
E,+9528749902936,+67312155468452
E,+118540320508,+6093463909343
E,+6563344127603,+67326993758783
E,+9570464291255,+6000710052668
E,+108279673720,+8672221269221
E,+4404536832299,+85515639375983
E,+6357357499996,+67069442485930
E,+67033592768820,+6018947027987
E,+85608959231350,+85696636999152
E,+67064671690651,+67065455709487
E,+4426512092050,+9506741974501
E,+9512047955904,+8649306980694
E,+85558899671621,+9557673105724
E,+8640511097832,+118540320508
E,+6605996337270,+121143758978
E,+127320387285,+6698560438760
E,+85544085949377,+6531208367974
E,+6303020823565,+9571015504250
E,+85608404267816,+8449514210005
E,+8667339203331,+4493588658099
E,+8435072849580,+67341634755631
E,+6217755199138,+6348739617342
E,+85689648097492,+6259359900072
E,+4405042846746,+6076989864444
E,+6683553233865,+6539954561909
E,+130939240208,+67375546629745
E,+130939240208,+9501410369439
E,+67350747820624,+85581611618907
E,+118353962933,+85558194135192
E,+85659147464039,+9560083978212
E,+8627894189313,+105347254645
E,+67397296228695,+8656918504556
E,+6211319115126,+159541311379
E,+9529958568037,+6386083370488
E,+6684667802379,+6697794010106
E,+4460575003015,+67040472075431
E,+6634804050743,+8604371412669
E,+85694587836010,+67023728123161
E,+85602941920650,+6024990581093
E,+4447311393967,+6603887310465
E,+8406402722337,+85596357812178
E,+6387932035667,+4460575003015
E,+107087801588,+8430307850991
E,+6300699121313,+85564750324195
E,+6379680412756,+6532280302221
E,+6632731011169,+6548413467483
E,+85678328130691,+67036443090066
E,+67359481510595,+9501410369439
E,+4483147357376,+118353962933
E,+67388070043042,+67302391870471
E,+8469918815222,+6630543359829
E,+9554665500677,+178627767110
E,+6268215946819,+85528413232473
E,+6265138332644,+4471565384216
E,+6076209860434,+6508084105723
E,+6084473028249,+67054401337338
E,+6036233398537,+67098375263042
E,+8482090469974,+4458055327648
E,+9506118468520,+9515731491126
E,+6303020823565,+8410108727850
E,+6033912537561,+181963862375
E,+9512890780900,+6573260366593
E,+8666400855201,+6660752296800
E,+67011283580420,+85694587836010
E,+85598076317126,+9520493603986
E,+85586428024939,+67312155468452
E,+6041798627406,+6297494054589
E,+67376369196328,+195011344118
E,+85697042837349,+6211319115126
E,+67040386616386,+67061008772109
E,+8439625246792,+6302091151550
E,+9529958568037,+67064671690651
E,+8474278832571,+6010039479625
E,+8673425309617,+85698643150875
E,+6380433461490,+85592925260415
E,+9529958568037,+9584728303906
E,+85608404267816,+6566260000637
E,+67070110983602,+6580509533033
E,+67392638606424,+6357826730543
E,+85579597083881,+6010039479625
E,+4469277752672,+6087267614608
E,+6661174935520,+6531208367974
E,+121689395512,+6575131998082
E,+67030129952966,+67309786035741
E,+67022401027773,+8689860129834
E,+85679357079934,+6018219703238
E,+6600860607591,+6651680482704
E,+8430897942421,+67350747820624
E,+9560083978212,+6210839334760
E,+4416761588377,+8450214895574
E,+4431909909803,+4443092859594
E,+9532432178757,+9582731003492
E,+6383351014405,+67375449585851
E,+166947702521,+6016545164443
E,+8475018994281,+85598479147409
E,+4416761588377,+125371856431
E,+6001605485756,+85674691388101
E,+85636981471715,+67023343589904
E,+6614144479435,+6029308794519
E,+8604222375077,+6001605485756
E,+6246814031796,+6063233881152
E,+67354320344303,+6674397315508
E,+85570778653564,+162544641545
E,+85538417310189,+67319004987703
E,+8467553173607,+4445417177311
E,+8434583681266,+67070110983602
E,+8445789402446,+6376611081652
E,+4454730954980,+8475018994281
E,+8614204803587,+67092096707360
E,+67070110983602,+6320797724784
E,+85572725387579,+67037365415527
E,+8640511097832,+8664288615587
E,+4454730954980,+6297812385411
E,+85565584778675,+4464946594257
E,+6297812385411,+153093353918
E,+6660233803870,+6036233398537
E,+6304475125383,+67335210055214
E,+85570778653564,+6683765793503
E,+9530766228506,+6309049835470
E,+8673547482717,+6587613806175
E,+85647189160225,+105347254645
E,+67363736370041,+107263608086
E,+6621807601667,+85538417310189
E,+6381400799291,+8431603273483
E,+85612264143230,+9506741974501
E,+67312413831813,+67023343589904
E,+67371339154927,+6634804050743
E,+8655277210735,+67026136668853
E,+6093463909343,+6511507327267
E,+67326318047366,+4473319495792
E,+85527461938503,+6534905787506
E,+6213060675173,+67322911224317
E,+6660752296800,+6650372449162
E,+6378513449896,+8649306980694
E,+85694587836010,+6247259829148
E,+6691053007598,+6661174935520
E,+85622251337217,+67326414969715
E,+6506698294827,+6668762381980
E,+9512307693499,+8492238865427
E,+6686223172595,+6508084105723
E,+6642882192379,+8672221269221
E,+6559721773682,+6680383780045
E,+8455312383535,+9520493603986
E,+6232164700596,+6683553233865
E,+8477590363110,+6093463909343
E,+6538024508642,+6024990581093
E,+9505673265828,+6388510160117
E,+8650551856299,+85682855287273
E,+6563091665935,+67396568184141
E,+6292353221261,+85503593930379
E,+6016325319485,+6621352846712
E,+67040386616386,+6273697882268
E,+85689648097492,+4438729774888
E,+85596357812178,+125053608690
E,+9513348803311,+85538417310189
E,+6215195801433,+123602648505
E,+67065455709487,+8630621393079
E,+6616106750514,+8665901629410
E,+6534905787506,+6513678774351
E,+8638235094791,+6247259829148
E,+6387320822906,+8667703215511
E,+67375546629745,+4460575003015
E,+6614896351251,+180003481260
E,+85651560220340,+4484237362371
E,+9569686958723,+6669504257792
E,+100201644433,+67080169715525
E,+6507124361058,+6052022816034
E,+67379137462424,+8688662668651
E,+4422677374687,+6051036882655
E,+8666400855201,+9532364738844
E,+4453292104403,+6301072176524
E,+8675351170220,+8449514210005
E,+6388349979769,+8685384409672
E,+85689185246647,+6283992293613
E,+85651259749501,+6240175696188
E,+6026619434544,+6603887310465
E,+67049693586820,+6371206484838
E,+85564750324195,+6039341581497
E,+4404149064538,+8457063363716
E,+6087712483998,+67338661076020
E,+6508876749571,+6240175696188
E,+8430429276593,+67049693586820
E,+4426512092050,+6660634496791
E,+67056130135841,+6027215854172
E,+6557462685271,+6622548217377
E,+6587613806175,+6251952125651
E,+6240175696188,+67363736370041
E,+6501350289320,+162307683785
E,+85625805483461,+67071635314886
E,+8668867045171,+4403172927319
E,+118540320508,+6615295998058
E,+145833663843,+4411981554192
E,+6589561253469,+6362161295413
E,+9570464291255,+9517089953970
E,+6691408781916,+8434464208050
E,+4460575003015,+6215091546896
E,+9517089953970,+85659147464039
E,+85648935670644,+8455526527566
E,+6548413467483,+125371856431
E,+171493204141,+6033912537561
E,+8662472530094,+4402561248472
E,+6304475125383,+6063233881152
E,+9529958568037,+67058316146142
E,+8439625246792,+6267455739245
E,+85677324634258,+6005517650865
E,+6280248362041,+6650195982601
E,+85612264143230,+6312920602750
E,+178627767110,+6247004728578
E,+6519464232649,+67073085553078
E,+6044378840070,+6563344127603
E,+85672511104041,+6225479550726
E,+8611792913583,+67326993758783
E,+6576505914141,+8476093400764
E,+6232164700596,+67392638606424
E,+8673961820527,+4491390172127
E,+8664288615587,+6388349979769
E,+8668867045171,+6510378085190
E,+6652784345765,+85637115783229
E,+8428539913049,+149926357833
E,+6534905787506,+9506741974501
E,+85503593930379,+120930778119
E,+6227666766864,+6257920913223
E,+67345172917937,+9586123384702
E,+8672221269221,+4401939125569
E,+9512307693499,+9585491263773
E,+6623285117678,+6255449652359
E,+85620844379454,+6364094716502
E,+85617995140767,+67358933512561
E,+67358688774551,+6232164700596
E,+8607811374222,+85546098553263
E,+67014728204587,+6632731011169
E,+6005452395682,+153758170933
E,+6531208367974,+85647189160225
E,+6650372449162,+8482090469974
E,+67371339154927,+4494729190240
E,+85645973179502,+67050472580124
E,+9503231072762,+8688102564929
E,+85625805483461,+6654877536598
E,+6589494400875,+4498906317514
E,+8672221269221,+162307683785
E,+6091710095163,+4400335639971
E,+85588451927322,+8681319976183
E,+6680383780045,+6337272409447
E,+67312155468452,+8600428930563
E,+85510783086748,+171493204141
E,+118353962933,+6267455739245
E,+176113624238,+85509581238080
E,+85519604976156,+6372103490393
E,+8655277210735,+85637115783229
E,+6646470995321,+6367102150066
E,+6056563747525,+4414666851530
E,+6225648091858,+6005517650865
E,+6082283045944,+4448847431283
E,+85510218124023,+6301072176524
E,+8451453208394,+6504005407065
E,+6046920465453,+85643969726465
E,+9501410369439,+85699004846925
E,+67357148292408,+8673425309617
E,+6607775198567,+8482555286371
E,+4402776620019,+6029741675322
E,+132961913601,+85559904084600
E,+85677150187644,+85627788564362
E,+85615397015225,+85581611618907
E,+4401939125569,+6236878957291
E,+9590693231995,+67396568184141
E,+4460575003015,+6585866322891
E,+8451453208394,+169318164464
E,+67050024599238,+8687162484768
E,+85536125170553,+85685260852080
E,+6390534236140,+169318164464
E,+8423891319389,+6283834822553
E,+67302391870471,+6312920602750
E,+85629562873629,+6292353221261
E,+85596357812178,+6510378085190
E,+67097108077800,+8641543525209
E,+67095334360404,+8655656784975
E,+6632731011169,+6360868927726
E,+67011283580420,+67308611530706
E,+4407631737003,+67337655981587
E,+67050472580124,+6072488067892
E,+8665901629410,+85509406258917
E,+6247004728578,+85624502808953
E,+6301072176524,+6680383780045
E,+6378875543744,+85690871134528
E,+6684667802379,+67354320344303
E,+131352932998,+85617412909916
E,+8410108727850,+6357826730543
E,+67065455709487,+85598479147409
E,+8697515790595,+162307683785
E,+4445417177311,+67021061577228
E,+6521280137907,+136605663673
E,+8466009020558,+85523907989300
E,+6328211129857,+6656874167740
E,+85645973179502,+6033912537561
E,+85519604976156,+6589730454440
E,+85694587836010,+85558420686956
E,+6684667802379,+6213060675173
E,+9530766228506,+6578744421541
E,+142603090541,+8639031204221
E,+161282421525,+6565017077321
E,+85565584778675,+85543798959747
E,+120220809421,+85520614753796
E,+9529479763297,+8673961820527
E,+6376611081652,+4464946594257
E,+6599431614564,+4470391996466
E,+6016545164443,+67397296228695
E,+8642004739925,+6261319396586
E,+8642125184834,+4445417177311
E,+6010039479625,+6095453236836
E,+6510378085190,+67326993758783
E,+9512047955904,+85600010551645
E,+85572927603897,+67389005028981
E,+107263608086,+4421428164705
E,+8406402722337,+8648179473835
E,+6548413467483,+8693789946033
E,+67397296228695,+6276798882950
E,+4402776620019,+6346617739753
E,+6063233881152,+67392638606424
E,+6364094716502,+6300699121313
E,+6362161295413,+162931299052
E,+101700678490,+6378480855825
E,+67026136668853,+6094906718776
E,+8454934135044,+8635403106483
E,+6575831492425,+6283992293613
E,+67339182862508,+4447311393967
E,+85655744460814,+6308342384102
E,+6054082188177,+9585967568618
E,+4473319495792,+6540628454924
E,+6508876749571,+6504005407065
E,+8688662668651,+6683765793503
E,+8668867045171,+85615397015225
E,+8639031204221,+9584728303906
E,+85674948654077,+114035421936
E,+85561653424689,+132961913601
E,+4428105264173,+8673749003746
E,+85546098553263,+6634804050743
E,+8409258732623,+6285185982198
E,+6203409286066,+6578113497038
E,+6300699121313,+4431909909803
E,+9526743846846,+168691630874
E,+85596436255351,+85677324634258
E,+67036443090066,+67029189108798
E,+145833663843,+6273697882268
E,+85615397015225,+9590693231995
E,+6559721773682,+85697042837349
E,+6264492060534,+9529958568037
E,+8627555725738,+6303020823565
E,+9585967568618,+8431704527815
E,+4400335639971,+6589494400875
E,+67375449585851,+8611180751670
E,+6257920913223,+85521958940701
E,+85564750324195,+85688246624102
E,+67354320344303,+6259359900072
E,+85698794789667,+67363736370041
E,+67092096707360,+6268347943568
E,+67341634755631,+85600010551645
E,+9573120921405,+6644475815327
E,+6346617739753,+4443092859594
E,+85677324634258,+6303020823565
E,+8447832808231,+6690483330716
E,+4492417641211,+67040472075431
E,+121143758978,+8611180751670
E,+6668135262968,+6087099987753
E,+6628910713820,+8655277210735
E,+67050024599238,+67394404840605
E,+6064160965822,+8430429276593
E,+85615397015225,+9532364738844
E,+85512577033230,+8602198521401
E,+6650372449162,+85681153685541
E,+67009979376155,+85636981471715
E,+6672014671714,+8678220449694
E,+4426849472281,+6556282211053
E,+102259940386,+6697794010106
E,+6382400346085,+85505859807443
E,+6557462685271,+6065836085324
E,+4400335639971,+85607563119662
E,+136047065184,+9517089953970
E,+4477237350480,+85519263886084
E,+8410625691781,+4428105264173
E,+116236661833,+6584887187976
E,+148307193082,+6232164700596
E,+85561653424689,+85549249610062
E,+8400179348382,+85514961286240
E,+6236878957291,+85697042837349
E,+8411461697928,+67086320556332
E,+67396568184141,+67319004987703
E,+4402776620019,+195277253114
E,+121143758978,+6660233803870
E,+67329020851403,+8604222375077
E,+6087712483998,+6099694684708
E,+6362161295413,+6384127684039
E,+8673749003746,+9530040655392
E,+6348739617342,+67345172917937
E,+6600564474393,+8681873673786
E,+195551333566,+67394183691318
E,+9517604137775,+125501335485
E,+8611792913583,+6684667802379
E,+67309601520695,+4447423859577
E,+8424149809896,+6225648091858
E,+4456388866799,+6018947027987
E,+85544085949377,+6684943964345
E,+6247259829148,+4461450664332
E,+8668867045171,+67046398286259
E,+8470571336720,+4423064911268
E,+85615397015225,+85531060783416
E,+67302391870471,+85522840031141
E,+85641878843586,+9534344768461
E,+4423064911268,+4422113005359
E,+85572927603897,+85522840031141
E,+131352932998,+85644773659795
E,+85512577033230,+6605137376327
E,+6622548217377,+6353592644353
E,+195625276916,+4445417177311
E,+108279673720,+67099367614460
E,+8453380232924,+6589494400875
E,+9520493603986,+9534344768461
E,+67043815692036,+9552829015585
E,+6348739617342,+85629562873629
E,+8420082404571,+85607563119662
E,+67050024599238,+8688662668651
E,+140752946172,+6507124361058
E,+85509581238080,+6684943964345
E,+67350747820624,+67331832183526
E,+6513678774351,+6304475125383
E,+85558194135192,+6507124361058
E,+6344173720747,+4428384677274
E,+8630621393079,+6638179476358
E,+6680383780045,+9506741974501
E,+6600860607591,+67358688774551
E,+85629562873629,+6277801426232
E,+67388070043042,+8482555286371
E,+6388349979769,+8467553173607
E,+85504660079986,+85583424300876
E,+6255449652359,+8635403106483
E,+6689200616710,+85570033078326
E,+6629273050944,+67376369196328
E,+6030200108317,+6660634496791
E,+6058226978113,+85695980098253
E,+6683765793503,+4421428164705
E,+9534344768461,+6087712483998
E,+67388070043042,+6388510160117
E,+8648179473835,+4491390172127
E,+6605996337270,+125053608690
E,+168487242960,+6538024508642
E,+6265138332644,+6682924917270
E,+8493834474184,+6578744421541
E,+6691408781916,+6259687024441
E,+8486873884123,+4438729774888
E,+120220809421,+6251952125651
E,+6277041067030,+85635957971744
E,+6639502711325,+6091516656573
E,+4494729190240,+9501410369439
E,+6239297045903,+118540320508
E,+85510783086748,+9553665848520
E,+85510456407378,+186998149831
E,+6383351014405,+6585866322891
E,+67346784962833,+67056130135841
E,+67011283580420,+9531467915273
E,+4456388866799,+8689860129834
E,+6654877536598,+6644475815327
E,+6030200108317,+9529958568037
E,+67049693586820,+85522367830533
E,+85672511104041,+6057261751357
E,+6508876749571,+67037365415527
E,+67077499001321,+6621807601667
E,+85598076317126,+85651560220340
E,+6041798627406,+67099127022612
E,+6684667802379,+67049693586820
E,+85624502808953,+8697339099103
E,+6623406719476,+4424426274389
E,+167824640269,+9529479763297
E,+6371206484838,+67042498875202
E,+67350747820624,+6208778280666
E,+85622251337217,+6300699121313
E,+67308611530706,+6680383780045
E,+6386083370488,+9529958568037
E,+8410625691781,+6660634496791
E,+85610960166895,+9529479763297
E,+6292353221261,+85696636999152
E,+6255193340578,+67099367614460
E,+194297087571,+6217755199138
E,+4414666851530,+6519464232649
E,+8642004739925,+6679013186976
E,+4404149064538,+6276798882950
E,+180003481260,+4466192992546
E,+4477754311044,+67030129952966
E,+8630621393079,+120109333627
E,+67067200476305,+6030200108317
E,+6056563747525,+6309171294205
E,+8635671587976,+85586428024939
E,+8662758003721,+6064160965822
E,+6548413467483,+67326318047366
E,+4407631737003,+6600860607591
E,+186998149831,+4403984434426
E,+9532527611989,+6213060675173
E,+6061542388773,+162931299052
E,+8673961820527,+6033912537561
E,+85531140100936,+9590693231995
E,+6589494400875,+85528086727215
E,+8464324044927,+85644545836522
E,+6027215854172,+85699542314169
E,+8648564144662,+9505673265828
E,+67098375263042,+6538024508642
E,+6232164700596,+67326414969715
E,+6381400799291,+85629562873629
E,+4468591660624,+67046398286259
E,+67394404840605,+6217755199138
E,+9529479763297,+8446556847426
E,+4421718329491,+6277801426232
E,+6004971290634,+67070110983602
E,+67002420707937,+85637115783229
E,+85663438601833,+9570464291255
E,+6521280137907,+9509824611227
E,+6379680412756,+8668867045171
E,+8651791222502,+6036233398537
E,+6301072176524,+6621352846712
E,+6005452395682,+85549899116192
E,+6508876749571,+6646470995321
E,+101700678490,+9512047955904
E,+6371206484838,+8448252626351
E,+67056130135841,+4404149064538
E,+6660634496791,+198158094903
E,+67326414969715,+67040472075431
E,+6634804050743,+6092555876041
E,+4403172927319,+85598076317126
E,+67080169715525,+85579989921200
E,+85698643150875,+6053445782135
E,+8648179473835,+8696059948648
E,+85617995140767,+6206201667668
E,+85564750324195,+67369114648888
E,+4411981554192,+67080169715525
E,+85636981471715,+67326993758783
E,+6698560438760,+85689648097492
E,+6384127684039,+6382400346085
E,+8423891319389,+6029741675322
E,+6362161295413,+4473319495792
E,+8655277210735,+67390715572587
E,+6017240088466,+8467553173607
E,+85570263609243,+6386083370488
E,+8411461697928,+85510218124023
E,+4464946594257,+67338661076020
E,+8430429276593,+85675946936167
E,+6672014671714,+6371206484838
E,+6605996337270,+6605756325310
E,+6384127684039,+9517604137775
E,+85598076317126,+85543798959747
E,+9532364738844,+8641091019636
E,+166383356242,+6015942960197
E,+67322911224317,+6668135262968
E,+9549069878249,+85681027568957
E,+6632731011169,+6328211129857
E,+4498891182694,+67335210055214
E,+6689200616710,+6650372449162
E,+8607811374222,+9571015504250
E,+6277041067030,+9532432178757
E,+6589561253469,+9512047955904
E,+6647988780941,+67309601520695
E,+85644773659795,+8656918504556
E,+8451453208394,+6261319396586
E,+4421428164705,+8674126648217
E,+6084511451542,+6367102150066
E,+6267455739245,+85549480404546
E,+4414666851530,+67369012011523
E,+4444993188851,+67065455709487
E,+85635957971744,+9565269347433
E,+8482555286371,+6087099987753
E,+8486873884123,+6283834822553
E,+67023728123161,+85612264143230
E,+8688102564929,+67050024599238
E,+8682686632242,+9517604137775
E,+67022401027773,+6607775198567
E,+67329823224051,+9512047955904
E,+4492417641211,+4431909909803
E,+6010039479625,+9515731491126
E,+4477754311044,+6666725263409
E,+6300699121313,+8445092374742
E,+8611085329168,+85624502808953
E,+6674397315508,+8683671927937
E,+6504005407065,+6638915940735
E,+6519464232649,+6283834822553
E,+6277801426232,+85531060783416
E,+6679013186976,+8419941131121
E,+6557462685271,+130939240208
E,+9554665500677,+6628910713820
E,+8697339099103,+67086799171205
E,+8455312383535,+67077499001321
E,+85689185246647,+6235536594912
E,+4473893383058,+8442253857163
E,+9512890780900,+4453292104403
E,+8678220449694,+167696693113
E,+8604222375077,+4408179268186
E,+4408179268186,+8433715191453
E,+8641543525209,+9586123384702
E,+6642882192379,+6015942960197
E,+6264492060534,+195277253114
E,+6297494054589,+125501335485
E,+6642882192379,+4404536832299
E,+120220809421,+8499714062434
E,+6374466732184,+8493834474184
E,+6553199335080,+9532364738844
E,+4473893383058,+67023343589904
E,+8671106931823,+6267455739245
E,+9530766228506,+6384127684039
E,+8424149809896,+6644475815327
E,+8680843867111,+67381551499510
E,+6277801426232,+6276798882950
E,+67307425097989,+8672221269221
E,+6384330882360,+85693929543669
E,+140752946172,+85564572924022
E,+67098375263042,+8691662525169
E,+9535167028473,+4431909909803
E,+6555888541079,+6236878957291
E,+140872760839,+67339182862508
E,+67095334360404,+6566260000637
E,+6384003515985,+6335890761697
E,+4485680419730,+6621352846712
E,+67371339154927,+6309171294205
E,+6383351014405,+67090954751744
E,+67350747820624,+9536304794904
E,+4453292104403,+6297494054589
E,+9514346291326,+6365759745231
E,+4483147357376,+6624040861943
E,+9526743846846,+6384127684039
E,+168691630874,+169318164464
E,+6283992293613,+67338661076020
E,+6064847843621,+6553199335080
E,+85583424300876,+4408540371033
E,+6251319929413,+8430307850991
E,+123602648505,+85583424300876
E,+67050024599238,+6213895874559
E,+9536304794904,+85579989921200
E,+85561653424689,+85596436255351
E,+8673749003746,+6038309856822
E,+9512047955904,+8452547673597
E,+85685260852080,+6605137376327
E,+6065836085324,+6687484316721
E,+198158094903,+178627767110
E,+8474278832571,+67381551499510
E,+85586428024939,+120109333627
E,+8685015721259,+6516071094264
E,+9569809996602,+85629562873629
E,+6292353221261,+85629562873629
E,+9512307693499,+9596839067415
E,+85503593930379,+6029308794519
E,+6386083370488,+9553665848520
E,+6516071094264,+9503231072762
E,+6580509533033,+8606959758778
E,+67023343589904,+6367102150066
E,+145506433985,+8697515790595
E,+6387320822906,+85579989921200
E,+67055994121407,+8446556847426
E,+6543454369481,+6203409286066
E,+162931299052,+9563571868994
E,+6524889891116,+6255449652359
E,+6301072176524,+8667703215511
E,+6283834822553,+6308342384102
E,+6574749707176,+4444993188851
E,+8656918504556,+6072488067892
E,+8672221269221,+6206303366433
E,+6556034648126,+85565584778675
E,+67064671690651,+6203310998026
E,+67371339154927,+6605756325310
E,+6578113497038,+67341634755631
E,+6531208367974,+85625805483461
E,+6553199335080,+8642004739925
E,+85528413232473,+9510571265198
E,+8464324044927,+8675351170220
E,+85641878843586,+67077499001321
E,+85572834667185,+8434583681266
E,+85672349090634,+85679419974299
E,+6599431614564,+85528413232473
E,+85697042837349,+9565269347433
E,+8485774127398,+193673405655
E,+6023183897055,+168487242960
E,+8627894189313,+8630621393079
E,+125371856431,+67021061577228
E,+9529958568037,+9513701859536
E,+153758170933,+6605137376327
E,+8450214895574,+67009979376155
E,+6283834822553,+6524889891116
E,+6236878957291,+6593002682042
E,+6268347943568,+166383356242
E,+6359221352175,+67049693586820
E,+85623574060037,+9516620935923
E,+8456604647141,+9517089953970
E,+8649306980694,+67029189108798
E,+6619527063821,+85541988828219
E,+8433498149160,+9582731003492
E,+8641543525209,+67014728204587
E,+85622251337217,+150600156026
E,+9586123384702,+6061542388773
E,+6099831844780,+6094906718776
E,+6293142405063,+67014453942921
E,+85536125170553,+67036443090066
E,+4402561248472,+157596059208
E,+85696636999152,+6001605485756
E,+6621807601667,+8418191563805
E,+6348739617342,+9574527698243
E,+8665901629410,+4460575003015
E,+181963862375,+6682924917270
E,+8406402722337,+8686589080584
E,+4479214790852,+85623574060037
E,+6339734799051,+6232164700596
E,+67326318047366,+4458739494798
E,+85528086727215,+8475018994281
E,+6556719404697,+6632731011169
E,+9517604137775,+6215091546896
E,+8656918504556,+67394183691318
E,+8670844941005,+4412780240245
E,+6615295998058,+85531516480989
E,+67061008772109,+8445092374742
E,+9554665500677,+67077499001321
E,+67039856225784,+6029308794519
E,+8430307850991,+67376472760742
E,+6621352846712,+6388349979769
E,+8442375775642,+8446556847426
E,+6357826730543,+4408179268186
E,+6015832065841,+6585866322891
E,+6030200108317,+67009979376155
E,+4428384677274,+67335210055214
E,+133312859062,+192101828008
E,+6630543359829,+67350747820624
E,+67375546629745,+9512047955904
E,+4421428164705,+85689648097492
E,+6669504257792,+4468591660624
E,+85505859807443,+6555888541079
E,+67056130135841,+9532030283432
E,+85552239994486,+6650195982601
E,+8665901629410,+8476093400764
E,+6357744156255,+168487242960
E,+85605236945875,+8450214895574
E,+8685015721259,+6654228751636
E,+6661784350519,+121143758978
E,+136047065184,+67058316146142
E,+4453292104403,+6387320822906
E,+9569809996602,+6654877536598
E,+6534905787506,+67396227394937
E,+85522367830533,+6654228751636
E,+85677324634258,+6099694684708
E,+8418191563805,+6578744421541
E,+85515639375983,+6239297045903
E,+9552829015585,+8688102564929
E,+8491144358069,+9512307693499
E,+6562822565600,+4492417641211
E,+8410108727850,+8470925870141
E,+6063233881152,+9517604137775
E,+85675946936167,+4494729190240
E,+8635403106483,+85600010551645
E,+85612264143230,+8689860129834
E,+9584728303906,+9503639124156
E,+85689648097492,+6654877536598
E,+6062291417915,+67040472075431
E,+6308342384102,+6093463909343
E,+6629273050944,+6365382573983
E,+6689200616710,+67036443090066
E,+6062291417915,+85558194135192
E,+85546098553263,+67396568184141
E,+85575289337911,+85600010551645
E,+195625276916,+67055994121407
E,+6510378085190,+67080169715525
E,+6510378085190,+67017851064239
E,+85625805483461,+8456604647141
E,+67381551499510,+6588811821678
E,+8419941131121,+6267455739245
E,+6277041067030,+85690871134528
E,+67037365415527,+85672511104041
E,+6660233803870,+67067200476305
E,+67082146493377,+6004971290634
E,+8695195456406,+114035421936
E,+4458739494798,+8697515790595
E,+85512577033230,+8630621393079
E,+6540263147618,+85541988828219
E,+67069442485930,+8688662668651
E,+9547527374438,+85637115783229
E,+4498891182694,+8410108727850
E,+6524889891116,+85600010551645
E,+85616801116006,+85624502808953
E,+6510378085190,+9549069878249
E,+9535167028473,+85648935670644
E,+67041372210604,+4496714679610
E,+6660233803870,+6555888541079
E,+85651259749501,+67090954751744
E,+6023183897055,+85698794789667
E,+67319004987703,+8682686632242
E,+9516620935923,+9557673105724
E,+9533146765117,+85538417310189
E,+67072682423583,+127994016474
E,+4424640848636,+6380433461490
E,+4445417177311,+85669781580785
E,+6247004728578,+6644475815327
E,+4493588658099,+9585491263773
E,+6565017077321,+4421718329491
E,+162307683785,+4403984434426
E,+85655744460814,+6268347943568
E,+67326318047366,+67065455709487
E,+6362161295413,+120109333627
E,+169318164464,+6524889891116
E,+116236661833,+85531060783416
E,+9582731003492,+85519604976156
E,+85541988828219,+67029189108798
E,+6684667802379,+6372103490393
E,+6374466732184,+6390313867804
E,+6357357499996,+8435072849580
E,+85518084456942,+6652784345765
E,+4421592511328,+6666725263409
E,+6384127684039,+162931299052
E,+85592925260415,+85651259749501
E,+67390715572587,+6328211129857
E,+85627788564362,+85607392906938
E,+6094906718776,+6623406719476
E,+4424426274389,+4423064911268
E,+85678328130691,+85624502808953
E,+118353962933,+85535735160910
E,+6394848261096,+85629562873629
E,+9512047955904,+67023728123161
E,+85651560220340,+85607392906938
E,+85523907989300,+67346784962833
E,+6029741675322,+6646263229774
E,+6556034648126,+192101828008
E,+150600156026,+67392638606424
E,+8688102564929,+85688246624102
E,+6360868927726,+85528086727215
E,+186693278554,+85656488827634
E,+67092096707360,+85663438601833
E,+8680843867111,+8627894189313
E,+8445789402446,+67338661076020
E,+6091710095163,+6261319396586
E,+6578113497038,+85648935670644
E,+8611180751670,+67037365415527
E,+8667703215511,+85565584778675
E,+85579989921200,+4469277752672
E,+4447423859577,+9565269347433
E,+85612264143230,+195277253114
E,+6024990581093,+85570778653564
E,+140752946172,+85659147464039
E,+6203409286066,+8417585671601
E,+6580509533033,+6206201667668
E,+9588927673153,+8455526527566
E,+8655656784975,+4492417641211
E,+181763259119,+6563186652379
E,+67040386616386,+85598271696469
E,+9512047955904,+9557673105724
E,+85614597058468,+118722841267
E,+6593313227884,+6668762381980
E,+6061815634575,+67329823224051
E,+8668867045171,+67099127022612
E,+67359481510595,+8625919170724
E,+133659260788,+6687484316721
E,+118722841267,+169318164464
E,+6304475125383,+8449514210005
E,+67335210055214,+4400335639971
E,+6660634496791,+85663438601833
E,+6593313227884,+6297494054589
E,+6627196878777,+6089338476332
E,+120220809421,+85678328130691
E,+108279673720,+4484237362371
E,+6061542388773,+6300699121313
E,+6026619434544,+67009979376155
E,+85602941920650,+6091710095163
E,+6660634496791,+67026136668853
E,+6691408781916,+6601812694407
E,+8672221269221,+6371206484838
E,+6034698306712,+8457063363716
E,+4479214790852,+6698560438760
E,+4453292104403,+67337459115792
E,+6015942960197,+67067997829236
E,+8445383425548,+9588927673153
E,+8678220449694,+162931299052
E,+9569686958723,+180939588284
E,+6087099987753,+8641114336029
E,+6251319929413,+85592925260415
E,+85514961286240,+85596357812178
E,+85504660079986,+9570464291255
E,+6005452395682,+85622251337217
E,+6337272409447,+6301111680135
E,+162931299052,+85645973179502
E,+67072682423583,+85699004846925
E,+6094906718776,+8689860129834
E,+85617412909916,+6680383780045
E,+67363736370041,+9526743846846
E,+67309786035741,+85559904084600
E,+168487242960,+85514961286240
E,+8693789946033,+180003481260
E,+67337655981587,+8474278832571
E,+153758170933,+67069442485930
E,+6239492988702,+113553040758
E,+85549480404546,+8689860129834
E,+4483277869345,+67392638606424
E,+9553665848520,+6357744156255
E,+67334173156499,+6599431614564
E,+8487873347743,+166594376633
E,+126267416530,+85695802268295
E,+67334173156499,+85699004846925
E,+9553665848520,+9532527611989
E,+8423891319389,+67396227394937
E,+67378020633808,+8413444729166
E,+6268347943568,+6099831844780
E,+85574835355382,+67340085038497
E,+8453380232924,+150600156026
E,+6061815634575,+67335210055214
E,+6040953558660,+179786836306
E,+85689185246647,+67069442485930
E,+162544641545,+85596182314812
E,+6277988984510,+8673425309617
E,+85644545836522,+9505673265828
E,+6297494054589,+4404149064538
E,+85523907989300,+6252960302007
E,+6588811821678,+195625276916
E,+67050472580124,+127994016474
E,+67340085038497,+6563344127603
E,+8604371412669,+67050472580124
E,+67065455709487,+193673405655
E,+9560364754110,+195011344118
E,+6015456477281,+85677324634258
E,+6029741675322,+8471924186620
E,+4458739494798,+6090229532292
E,+67348016246542,+85504660079986
E,+67379137462424,+8697515790595
E,+6614144479435,+4445417177311
E,+8685384409672,+9532527611989
E,+67073085553078,+85570263609243
E,+6247259829148,+9588927673153
E,+85647189160225,+6354547774221
E,+67095334360404,+85601212082313
E,+9530040655392,+85679357079934
E,+8450214895574,+6630543359829
E,+85624502808953,+67050024599238
E,+4484237362371,+85570033078326
E,+4414666851530,+67037365415527
E,+6285185982198,+9516620935923
E,+123602648505,+67030129952966
E,+85579989921200,+192101828008
E,+6247259829148,+8400179348382
E,+9571794061918,+6084473028249
E,+6309049835470,+6565677546224
E,+192101828008,+6032817523772
E,+6537504441786,+8638235094791
E,+178627767110,+6394848261096
E,+67029664722495,+9501410369439
E,+6265138332644,+4434705008076
E,+6624040861943,+6261319396586
E,+85552239994486,+6026619434544
E,+6565017077321,+8477590363110
E,+6374466732184,+8689860129834
E,+6380751142761,+8418191563805
E,+67334173156499,+6285185982198
E,+67351869991127,+6026619434544
E,+6686223172595,+6246814031796
E,+67016433618095,+8413201136105
E,+102259940386,+67054401337338
E,+67046398286259,+85695802268295
E,+8673425309617,+85518084456942
E,+85512577033230,+6360868927726
E,+9569809996602,+6632731011169
E,+67351869991127,+67394404840605
E,+67337655981587,+6537504441786
E,+6660233803870,+67346784962833
E,+4424426274389,+6251319929413
E,+67319004987703,+6638567388501
E,+85512577033230,+6099831844780
E,+9503231072762,+6053445782135
E,+6679013186976,+4401939125569
E,+8404875010156,+67381551499510
E,+4417388074274,+67369012011523
E,+6022052972400,+4460575003015
E,+67014728204587,+8450214895574
E,+9534344768461,+6628910713820
E,+67334173156499,+8673749003746
E,+8413201136105,+4438729774888
E,+6072488067892,+8638235094791
E,+6000710052668,+6576505914141
E,+67338661076020,+162544641545
E,+85528413232473,+6576505914141
E,+6378875543744,+85694587836010
E,+67013193851963,+9596839067415
E,+85688246624102,+85635957971744
E,+4419721747750,+8450214895574
E,+6051036882655,+85546098553263
E,+6360868927726,+6595722032244
E,+8639031204221,+9535167028473
E,+6251952125651,+6328211129857
E,+6245277916743,+8606959758778
E,+6206303366433,+67071635314886
E,+6684667802379,+67369114648888
E,+8431603273483,+85619326745732
E,+67099127022612,+6053445782135
E,+6089338476332,+6090229532292
E,+8431704527815,+6372103490393
E,+6320381331714,+67334173156499
E,+85549480404546,+6651680482704
E,+6027215854172,+6524889891116
E,+85572834667185,+6683553233865
E,+4404536832299,+67029189108798
E,+6040953558660,+85694587836010
E,+85655744460814,+8456604647141
E,+6559721773682,+67345172917937
E,+6091516656573,+6588811821678
E,+6593002682042,+8686589080584
E,+85691258227654,+6217146161738
E,+6293142405063,+67312413831813
E,+6543454369481,+6089338476332
E,+67025126074282,+67375706200320
E,+6511507327267,+8696059948648
E,+4458055327648,+8627555725738
E,+85531516480989,+6543454369481
E,+133659260788,+6387932035667
E,+9585967568618,+8607811374222
E,+85612264143230,+85598076317126
E,+4483277869345,+6388510160117
E,+8407908574911,+6057261751357
E,+6000710052668,+6091710095163
E,+6507124361058,+85626073930629
E,+6380751142761,+8685384409672
E,+120109333627,+6382400346085
E,+67090954751744,+166947702521
E,+195551333566,+6251952125651
E,+6570654821723,+6532280302221
E,+9586123384702,+6236878957291
E,+6376611081652,+85659075984655
E,+9531467915273,+4488762034005
E,+85583424300876,+6084511451542
E,+4402561248472,+9547773262318
E,+6532280302221,+67086320556332
E,+85619326745732,+8474278832571
E,+4478945096825,+67378020633808
E,+6015456477281,+8475018994281
E,+6698560438760,+6357744156255
E,+4478945096825,+6044378840070
E,+6570654821723,+9512307693499
E,+6668135262968,+85696636999152
E,+114035421936,+6061542388773
E,+9516620935923,+6095453236836
E,+8445383425548,+67337459115792
E,+6335890761697,+9547773262318
E,+6043177305822,+4483147357376
E,+85641878843586,+4403172927319
E,+6501350289320,+6380433461490
E,+6559721773682,+6255193340578
E,+4443092859594,+67023728123161
E,+8650551856299,+6203721684275
E,+67346784962833,+8641091019636
E,+6268347943568,+6038309856822
E,+6257920913223,+67369012011523
E,+6365382573983,+9560083978212
E,+6349125436659,+9596839067415
E,+8467553173607,+67371339154927
E,+8475018994281,+67376472760742
E,+85600908253703,+6304475125383
E,+6621807601667,+67383016329103
E,+6387932035667,+4452360849723
E,+186998149831,+8685384409672
E,+4470391996466,+6217146161738
E,+6506698294827,+4421428164705
E,+6565677546224,+6628805419309
E,+114035421936,+6628805419309
E,+67369114648888,+4428384677274
E,+8451453208394,+85521958940701
E,+6644475815327,+67359481510595
E,+67369114648888,+8650551856299
E,+85558899671621,+136605663673
E,+6065836085324,+85651560220340
E,+8641114336029,+4411981554192
E,+67345172917937,+9532364738844
E,+8433715191453,+67345172917937
E,+8469918815222,+6304797224886
E,+6621352846712,+67329020851403
E,+67040386616386,+6668762381980
E,+67058316146142,+8662472530094
E,+6273697882268,+6061815634575
E,+85523907989300,+150842885918
E,+6593002682042,+67077499001321
E,+67319004987703,+6246814031796
E,+8680843867111,+67033592768820
E,+85649794848068,+85672511104041
E,+85637115783229,+67341634755631
E,+85617412909916,+9532364738844
E,+9516620935923,+67350747820624
E,+4414666851530,+4493588658099
E,+85510456407378,+67041372210604
E,+85579597083881,+6030200108317
E,+4411981554192,+67375706200320
E,+8434464208050,+152656779158
E,+85617412909916,+85669781580785
E,+6041798627406,+85614597058468
E,+85568071856683,+9574527698243
E,+6638179476358,+191866351294
E,+6559721773682,+85572725387579
E,+6595722032244,+85547641373469
E,+8691662525169,+6674397315508
E,+4483147357376,+85627788564362
E,+4405042846746,+6674067292275
E,+6686223172595,+8492238865427
E,+6346617739753,+8448252626351
E,+116236661833,+6538800528019
E,+6099831844780,+6051036882655
E,+8455312383535,+6691053007598
E,+6268215946819,+105347254645
E,+67308611530706,+6208778280666
E,+8630621393079,+8691662525169
E,+85616801116006,+6519464232649
E,+4485680419730,+85681027568957
E,+6091710095163,+85547641373469
E,+6605996337270,+67040386616386
E,+85579597083881,+67033592768820
E,+6513678774351,+9533146765117
E,+4408179268186,+85558899671621
E,+8453380232924,+6380433461490
E,+6691408781916,+8666400855201
E,+4444993188851,+8410108727850
E,+85689185246647,+6227666766864
E,+9571015504250,+85682855287273
E,+181963862375,+4434705008076
E,+9532432178757,+149926357833
E,+121143758978,+85636981471715
E,+6566260000637,+67354320344303
E,+9536304794904,+6018875427986
E,+6652784345765,+6300699121313
E,+6090229532292,+8611792913583
E,+67387513632969,+192101828008
E,+6697794010106,+67344655480287
E,+6236878957291,+169318164464
E,+6690483330716,+67055994121407
E,+153758170933,+67335210055214
E,+6589561253469,+9515731491126
E,+6629273050944,+6687484316721
E,+6645683256207,+8420082404571
E,+85671890076562,+85651259749501
E,+4408179268186,+8471924186620
E,+8445789402446,+85572834667185
E,+85679419974299,+162307683785
E,+6595722032244,+8431704527815
E,+194016577522,+67077499001321
E,+4422677374687,+6346617739753
E,+67307425097989,+9509824611227
E,+6378480855825,+8407908574911
E,+6638915940735,+85518487604707
E,+85698643150875,+6044378840070
E,+8454934135044,+85535735160910
E,+6638567388501,+8604222375077
E,+67343666034045,+6082283045944
E,+85568071856683,+67044839297470
E,+67046398286259,+85672349090634
E,+85561653424689,+6684943964345
E,+85637115783229,+6303020823565
E,+85543798959747,+6251952125651
E,+6024990581093,+67379836030478
E,+8642125184834,+4494729190240
E,+6538024508642,+6016545164443
E,+67379137462424,+4453292104403
E,+6691408781916,+6245277916743
E,+6010039479625,+4464946594257
E,+4448847431283,+8431603273483
E,+67339182862508,+6024990581093
E,+161937140049,+8430307850991
E,+8649306980694,+85579989921200
E,+6203409286066,+8675351170220
E,+9529958568037,+8411461697928
E,+6573260366593,+9506118468520
E,+8664288615587,+6585866322891
E,+67086320556332,+6378480855825
E,+67359481510595,+85694691416849
E,+85531516480989,+9569686958723
E,+181963862375,+6094906718776
E,+8474278832571,+6510378085190
E,+85579597083881,+85647189160225
E,+118540320508,+6018875427986
E,+6668762381980,+85505859807443
E,+85648626941882,+4492417641211
E,+85671890076562,+130939240208
E,+8690151039850,+6601812694407
E,+85693929543669,+6591975519003
E,+85588451927322,+6024990581093
E,+85624502808953,+6224231548733
E,+6247004728578,+191866351294
E,+9509824611227,+4460575003015
E,+6683553233865,+6354547774221
E,+4421592511328,+6605137376327
E,+162544641545,+4400335639971
E,+6599431614564,+67086799171205
E,+85601212082313,+6040953558660
E,+67326414969715,+67029664722495
E,+67022401027773,+191866351294
E,+6285185982198,+67302391870471
E,+6382400346085,+85675946936167
E,+6629273050944,+6593002682042
E,+8655656784975,+4473319495792
E,+67379137462424,+85586428024939
E,+120109333627,+167696693113
E,+85546098553263,+85552239994486
E,+6292353221261,+85598271696469
E,+8663870142779,+8625919170724
E,+67023343589904,+6053445782135
E,+6224231548733,+9513701859536
E,+67326414969715,+6203310998026
E,+6639502711325,+6043177305822
E,+4484237362371,+9547527374438
E,+6378513449896,+85675946936167
E,+85671890076562,+4444993188851
E,+6384127684039,+67339182862508
E,+6524889891116,+9596839067415
E,+6687484316721,+8641091019636
E,+8491144358069,+8445789402446
E,+6616106750514,+4483277869345
E,+67371339154927,+6041276079763
E,+8454934135044,+85543798959747
E,+67335210055214,+85696636999152
E,+6091710095163,+8611180751670
E,+85518084456942,+6556282211053
E,+6001501087984,+4445417177311
E,+85696636999152,+6654228751636
E,+6605137376327,+9532613389224
E,+6697794010106,+130939240208
E,+9526743846846,+6343363065210
E,+67388070043042,+85627026979383
E,+85570033078326,+85689185246647
E,+6349125436659,+85546144693121
E,+67065455709487,+6261319396586
E,+120109333627,+6357826730543
E,+6632731011169,+6521280137907
E,+6380433461490,+9528749902936
E,+6277041067030,+85518487604707
E,+4422113005359,+8673749003746
E,+8447832808231,+6092867032905
E,+6605756325310,+6540263147618
E,+6381400799291,+67064671690651
E,+85510218124023,+6252960302007
E,+6605137376327,+67029664722495
E,+6206303366433,+67025126074282
E,+6092867032905,+9560364754110
E,+67094363190751,+8406081734301
E,+67308611530706,+67351869991127
E,+4460433989797,+132961913601
E,+85627026979383,+8662685497142
E,+6030200108317,+85656488827634
E,+161282421525,+4400335639971
E,+6292353221261,+186693278554
E,+67023343589904,+67351869991127
E,+67394404840605,+85568071856683
E,+6674067292275,+9514346291326
E,+6217146161738,+6623406719476
E,+6654877536598,+6266847842618
E,+67376369196328,+4460433989797
E,+85575289337911,+6510378085190
E,+9532432178757,+6044378840070
E,+8430897942421,+67376472760742
E,+85514961286240,+8471924186620
E,+6661784350519,+6346617739753
E,+8630621393079,+85695802268295
E,+186998149831,+6267455739245
E,+8633024351328,+85619326745732
E,+85636981471715,+6029308794519
E,+6267030879058,+85691258227654
E,+67039856225784,+8681873673786
E,+8691662525169,+67033592768820
E,+8683671927937,+6301072176524
E,+120109333627,+6053445782135
E,+8697339099103,+67086320556332
E,+6508876749571,+67016433618095
E,+6508084105723,+6587613806175
E,+4490028532898,+85570263609243
E,+6684667802379,+85523907989300
E,+120930778119,+8491144358069
E,+85546098553263,+8681319976183
E,+6646263229774,+85572834667185
E,+6024796050075,+85598271696469
E,+85503593930379,+4421718329491
E,+4447311393967,+8651791222502
E,+67077499001321,+85598479147409
E,+9516620935923,+8431704527815
E,+107087801588,+6684667802379
E,+85546098553263,+9571794061918
E,+6339734799051,+6051036882655
E,+6654877536598,+6312920602750
E,+4447423859577,+6024990581093
E,+85509581238080,+6646470995321
E,+85528086727215,+4408540371033
E,+6647988780941,+67389005028981
E,+9533146765117,+8673749003746
E,+85600010551645,+9519133919344
E,+6005517650865,+6507124361058
E,+8434583681266,+8664288615587
E,+8685384409672,+85637884704068
E,+8695195456406,+67351869991127
E,+6277041067030,+9535167028473
E,+85616801116006,+67023728123161
E,+9565269347433,+85697042837349
E,+6581280548429,+6578113497038
E,+67049693586820,+67337459115792
E,+8431603273483,+67381551499510
E,+6232164700596,+67069442485930
E,+6574749707176,+6668762381980
E,+67013193851963,+8689860129834
E,+85699542314169,+6388510160117
E,+8433715191453,+85598271696469
E,+168487242960,+8682686632242
E,+191866351294,+67357148292408
E,+67357148292408,+191866351294
E,+6619527063821,+6280248362041
E,+6587613806175,+6539954561909
E,+193673405655,+8442253857163
E,+67064671690651,+6384330882360
E,+8690151039850,+9552829015585
E,+6328211129857,+6589561253469
E,+6203409286066,+9596839067415
E,+6574749707176,+6660233803870
E,+85620844379454,+8649306980694
E,+67394183691318,+4477237350480
E,+4471565384216,+67329020851403
E,+85574835355382,+67036443090066
E,+6684667802379,+6384127684039
E,+6556719404697,+85519604976156
E,+9586123384702,+4419721747750
E,+6652784345765,+6359221352175
E,+6043177305822,+85509581238080
E,+9563571868994,+4424332959370
E,+6674067292275,+67357148292408
E,+67022704125586,+9518634760510
E,+6092867032905,+6627196878777
E,+166383356242,+8635671587976
E,+85608404267816,+9569686958723
E,+67065455709487,+85510218124023
E,+162931299052,+6537712956623
E,+6011689332826,+6001605485756
E,+85637884704068,+6682363655408
E,+6046920465453,+6210839334760
E,+6628805419309,+6538024508642
E,+67390715572587,+85547641373469
E,+4448847431283,+67337459115792
E,+85671890076562,+6208778280666
E,+67099127022612,+6387932035667
E,+6265138332644,+6015832065841
E,+8650551856299,+6504005407065
E,+6090229532292,+4443092859594
E,+158551647950,+9503231072762
E,+85531140100936,+116966626022
E,+8442253857163,+8430429276593
E,+8611792913583,+6211319115126
E,+6320381331714,+6639502711325
E,+6646263229774,+85694691416849
E,+85598076317126,+8457063363716
E,+85644545836522,+6691053007598
E,+4498906317514,+8685384409672
E,+118540320508,+85672349090634
E,+8633228603248,+67002420707937
E,+85558899671621,+4460433989797
E,+85523907989300,+6000710052668
E,+8641543525209,+8430307850991
E,+4424640848636,+6605996337270
E,+4464946594257,+6309171294205
E,+6308342384102,+176113624238
E,+6542511849345,+67348016246542
E,+9536304794904,+6540628454924
E,+85510456407378,+152656779158
E,+6241414836530,+8673425309617
E,+6531208367974,+8445092374742
E,+85699542314169,+85681027568957
E,+6380433461490,+6576505914141
E,+67097108077800,+6033847371247
E,+4402679171890,+8697963107469
E,+6615295998058,+6084473028249
E,+67309384573034,+6548413467483
E,+67331832183526,+6697794010106
E,+9585491263773,+85515639375983
E,+6507124361058,+85616801116006
E,+67099127022612,+8402817364066
E,+9547527374438,+6674397315508
E,+181963862375,+8649306980694
E,+8667339203331,+8418191563805
E,+8430307850991,+6578744421541
E,+6660752296800,+67315501377839
E,+85617995140767,+6061815634575
E,+161282421525,+6524889891116
E,+85561653424689,+67302391870471
E,+140752946172,+6672014671714
E,+4408179268186,+6030200108317
E,+8466009020558,+4453292104403
E,+8424149809896,+67383016329103
E,+8695195456406,+8686589080584
E,+85522367830533,+6266847842618
E,+9514346291326,+6540263147618
E,+67014728204587,+67392638606424
E,+67095334360404,+9585491263773
E,+67050024599238,+9552829015585
E,+4458055327648,+6654877536598
E,+85674691388101,+116236661833
E,+67375449585851,+6225479550726
E,+85629562873629,+6621352846712
E,+85531060783416,+6039341581497
E,+195011344118,+8614204803587
E,+8641091019636,+6255449652359
E,+8611792913583,+67054127148509
E,+162931299052,+8674126648217
E,+9532432178757,+186998149831
E,+6376611081652,+132961913601
E,+9509824611227,+6090229532292
E,+85579597083881,+9505673265828
E,+4447423859577,+6034698306712
E,+6092867032905,+85691258227654
E,+9553885251968,+4473319495792
E,+107263608086,+9532527611989
E,+4419721747750,+85592925260415
E,+6388510160117,+67378020633808
E,+67022401027773,+85535735160910
E,+8434464208050,+6061815634575
E,+6697794010106,+8424149809896
E,+136605663673,+85570033078326
E,+6362161295413,+85645973179502
E,+8691662525169,+8433715191453
E,+176113624238,+8641114336029
E,+6600860607591,+8434464208050
E,+4461450664332,+8663870142779
E,+6524889891116,+4455008560961
E,+85546144693121,+9513348803311
E,+85598271696469,+9571015504250
E,+6283992293613,+8641091019636
E,+6241414836530,+85518487604707
E,+8634029421306,+192101828008
E,+8642004739925,+6674067292275
E,+67308611530706,+8666400855201
E,+8452547673597,+6679013186976
E,+8456604647141,+67363736370041
E,+6004971290634,+9574527698243
E,+181963862375,+8411461697928
E,+6651680482704,+6087712483998
E,+6565677546224,+4458055327648
E,+85503593930379,+8689860129834
E,+4466192992546,+6339734799051
E,+6005517650865,+85689648097492
E,+85561653424689,+8696059948648
E,+85694587836010,+6689200616710
E,+85600010551645,+85698643150875
E,+85546098553263,+85565584778675
E,+8423891319389,+6510378085190
E,+6304797224886,+8666400855201
E,+8664288615587,+85559904084600
E,+85693929543669,+6099694684708
E,+6044378840070,+4466192992546
E,+6563186652379,+8407908574911
E,+67340085038497,+6556034648126
E,+6684943964345,+85678328130691
E,+161282421525,+9506118468520
E,+8435072849580,+85615397015225
E,+8410108727850,+67326993758783
E,+8452547673597,+4492417641211
E,+6593002682042,+6539954561909
E,+120220809421,+118353962933
E,+85549899116192,+6023183897055
E,+6687484316721,+6548413467483
E,+6386083370488,+6605756325310
E,+4455008560961,+131352932998
E,+85698643150875,+67376369196328
E,+6654877536598,+6001501087984
E,+195551333566,+149926357833
E,+6668135262968,+67309786035741
E,+4401939125569,+85549899116192
E,+4431909909803,+4402561248472
E,+6563186652379,+85549480404546
E,+113553040758,+6239297045903
E,+6099831844780,+4471565384216
E,+85674691388101,+180003481260
E,+6367102150066,+8486873884123
E,+6335890761697,+8640511097832
E,+6092867032905,+9534344768461
E,+85547641373469,+120930778119
E,+67337459115792,+67022704125586
E,+67340085038497,+67363736370041
E,+6628910713820,+8420082404571
E,+8683671927937,+67381551499510
E,+6504005407065,+6570654821723
E,+4471565384216,+67040472075431
E,+9596839067415,+6241414836530
E,+4496714679610,+85558899671621
E,+9530040655392,+85598479147409
E,+6589561253469,+6016325319485
E,+6506529263651,+6082283045944
E,+6565677546224,+4421592511328
E,+6578744421541,+6650195982601
E,+85510783086748,+85519604976156
E,+4420536483490,+6532280302221
E,+8407908574911,+152195801843
E,+6032817523772,+67050472580124
E,+67013193851963,+8696059948648
E,+6017240088466,+85572927603897
E,+67351869991127,+4453292104403
E,+6519464232649,+67014728204587
E,+4422677374687,+4428384677274
E,+8673961820527,+6387320822906
E,+67334173156499,+6601812694407
E,+9549069878249,+6033912537561
E,+6683553233865,+8606959758778
E,+85682855287273,+4402561248472
E,+6506529263651,+8662472530094
E,+85558194135192,+6623406719476
E,+67009979376155,+107263608086
E,+8627555725738,+194016577522
E,+6033912537561,+67077499001321
E,+85699004846925,+67023343589904
E,+8430307850991,+67309601520695
E,+6394848261096,+6614896351251
E,+169318164464,+85625805483461
E,+85563978979022,+4405042846746
E,+4458739494798,+4428384677274
E,+6091710095163,+6268347943568
E,+6365382573983,+67388070043042
E,+4491390172127,+166947702521
E,+8493834474184,+6092555876041
E,+6374466732184,+9571794061918
E,+6588811821678,+67030129952966
E,+6584887187976,+6593002682042
E,+4403172927319,+85596436255351
E,+4422113005359,+6588811821678
E,+6394848261096,+6629273050944
E,+6043177305822,+9569686958723
E,+6380751142761,+8433498149160
E,+8445789402446,+6587613806175
E,+6534905787506,+133659260788
E,+67379137462424,+6378480855825
E,+8635671587976,+8485774127398
E,+9547773262318,+67061008772109
E,+6259359900072,+4407631737003
E,+6382400346085,+6344173720747
E,+6276798882950,+6309171294205
E,+123602648505,+8614204803587
E,+6605996337270,+8492238865427
E,+67029189108798,+162931299052
